agent_sk,agent_bk,full_name,role,is_active
1,AGENT_00001,Luc Dubois,Superviseur,True
2,AGENT_00002,Marc Bernard,Chauffeur,True
3,AGENT_00003,Marc Bernard,Superviseur,True
4,AGENT_00004,Jean Dubois,Ripeur,True
5,AGENT_00005,Paul Richard,Superviseur,True
6,AGENT_00006,Pierre Petit,Superviseur,True
7,AGENT_00007,Julien Bernard,Superviseur,True
8,AGENT_00008,Marc Petit,Superviseur,True
9,AGENT_00009,Jean Robert,Ripeur,True
10,AGENT_00010,Julien Petit,Ripeur,True
11,AGENT_00011,Jean Martin,Superviseur,True
12,AGENT_00012,Marc Bernard,Superviseur,True
13,AGENT_00013,Nicolas Bernard,Superviseur,True
14,AGENT_00014,Thomas Richard,Superviseur,True
15,AGENT_00015,Pierre Petit,Chauffeur,True
16,AGENT_00016,Marc Robert,Chauffeur,True
17,AGENT_00017,Paul Bernard,Chauffeur,True
18,AGENT_00018,Paul Robert,Chauffeur,True
19,AGENT_00019,Julien Dubois,Superviseur,True
20,AGENT_00020,Marc Bernard,Chauffeur,True
21,AGENT_00021,Marc Martin,Ripeur,True
22,AGENT_00022,Nicolas Petit,Chauffeur,True
23,AGENT_00023,Jean Bernard,Ripeur,True
24,AGENT_00024,Jean Petit,Superviseur,True
25,AGENT_00025,Marc Robert,Superviseur,True
26,AGENT_00026,Thomas Martin,Superviseur,True
27,AGENT_00027,Thomas Richard,Chauffeur,True
28,AGENT_00028,Luc Richard,Chauffeur,True
29,AGENT_00029,Luc Robert,Superviseur,True
30,AGENT_00030,Julien Martin,Ripeur,True
31,AGENT_00031,Pierre Bernard,Superviseur,True
32,AGENT_00032,Thomas Dubois,Ripeur,True
33,AGENT_00033,Marc Bernard,Superviseur,True
34,AGENT_00034,Nicolas Richard,Superviseur,True
35,AGENT_00035,Jean Martin,Superviseur,True
36,AGENT_00036,Thomas Robert,Chauffeur,True
37,AGENT_00037,Pierre Martin,Superviseur,True
38,AGENT_00038,Thomas Robert,Chauffeur,True
39,AGENT_00039,Julien Dubois,Superviseur,True
40,AGENT_00040,Marc Martin,Superviseur,True
41,AGENT_00041,Thomas Richard,Superviseur,True
42,AGENT_00042,Nicolas Robert,Chauffeur,True
43,AGENT_00043,Marc Petit,Chauffeur,True
44,AGENT_00044,Thomas Richard,Chauffeur,True
45,AGENT_00045,Paul Bernard,Superviseur,True
46,AGENT_00046,Jean Petit,Chauffeur,True
47,AGENT_00047,Pierre Petit,Superviseur,True
48,AGENT_00048,Pierre Petit,Ripeur,True
49,AGENT_00049,Paul Bernard,Superviseur,True
50,AGENT_00050,Julien Petit,Chauffeur,True
51,AGENT_00051,Luc Martin,Ripeur,True
52,AGENT_00052,Thomas Martin,Chauffeur,True
53,AGENT_00053,Paul Martin,Chauffeur,True
54,AGENT_00054,Marc Richard,Chauffeur,True
55,AGENT_00055,Pierre Dubois,Ripeur,True
56,AGENT_00056,Julien Robert,Superviseur,True
57,AGENT_00057,Julien Robert,Ripeur,True
58,AGENT_00058,Jean Robert,Superviseur,True
59,AGENT_00059,Paul Richard,Chauffeur,True
60,AGENT_00060,Paul Petit,Superviseur,True
61,AGENT_00061,Jean Petit,Chauffeur,True
62,AGENT_00062,Thomas Richard,Chauffeur,True
63,AGENT_00063,Marc Petit,Ripeur,True
64,AGENT_00064,Paul Dubois,Ripeur,True
65,AGENT_00065,Julien Robert,Superviseur,True
66,AGENT_00066,Jean Robert,Chauffeur,True
67,AGENT_00067,Pierre Bernard,Superviseur,True
68,AGENT_00068,Julien Richard,Ripeur,True
69,AGENT_00069,Luc Dubois,Superviseur,True
70,AGENT_00070,Thomas Martin,Superviseur,True
71,AGENT_00071,Luc Martin,Chauffeur,True
72,AGENT_00072,Jean Richard,Superviseur,True
73,AGENT_00073,Julien Richard,Superviseur,True
74,AGENT_00074,Paul Dubois,Chauffeur,True
75,AGENT_00075,Thomas Bernard,Ripeur,True
76,AGENT_00076,Luc Bernard,Chauffeur,True
77,AGENT_00077,Pierre Richard,Ripeur,True
78,AGENT_00078,Pierre Martin,Chauffeur,True
79,AGENT_00079,Jean Richard,Ripeur,True
80,AGENT_00080,Paul Dubois,Superviseur,True
81,AGENT_00081,Paul Dubois,Chauffeur,True
82,AGENT_00082,Pierre Petit,Superviseur,True
83,AGENT_00083,Nicolas Dubois,Ripeur,True
84,AGENT_00084,Luc Petit,Superviseur,True
85,AGENT_00085,Pierre Martin,Ripeur,True
86,AGENT_00086,Paul Bernard,Ripeur,True
87,AGENT_00087,Nicolas Robert,Ripeur,True
88,AGENT_00088,Marc Petit,Superviseur,True
89,AGENT_00089,Luc Richard,Superviseur,True
90,AGENT_00090,Thomas Dubois,Ripeur,True
91,AGENT_00091,Luc Martin,Ripeur,True
92,AGENT_00092,Pierre Bernard,Superviseur,True
93,AGENT_00093,Julien Dubois,Ripeur,True
94,AGENT_00094,Luc Petit,Superviseur,True
95,AGENT_00095,Thomas Robert,Ripeur,True
96,AGENT_00096,Nicolas Dubois,Ripeur,True
97,AGENT_00097,Nicolas Richard,Chauffeur,True
98,AGENT_00098,Luc Petit,Superviseur,True
99,AGENT_00099,Paul Dubois,Chauffeur,True
100,AGENT_00100,Pierre Dubois,Superviseur,True
101,AGENT_00101,Paul Petit,Chauffeur,True
102,AGENT_00102,Jean Richard,Superviseur,True
103,AGENT_00103,Jean Richard,Superviseur,True
104,AGENT_00104,Julien Richard,Chauffeur,True
105,AGENT_00105,Jean Richard,Ripeur,True
106,AGENT_00106,Nicolas Petit,Chauffeur,True
107,AGENT_00107,Thomas Robert,Chauffeur,True
108,AGENT_00108,Marc Bernard,Ripeur,True
109,AGENT_00109,Paul Robert,Ripeur,True
110,AGENT_00110,Jean Petit,Chauffeur,True
111,AGENT_00111,Luc Richard,Chauffeur,True
112,AGENT_00112,Nicolas Bernard,Chauffeur,True
113,AGENT_00113,Luc Petit,Superviseur,True
114,AGENT_00114,Nicolas Dubois,Chauffeur,True
115,AGENT_00115,Pierre Robert,Chauffeur,True
116,AGENT_00116,Paul Dubois,Ripeur,True
117,AGENT_00117,Pierre Martin,Superviseur,True
118,AGENT_00118,Pierre Richard,Ripeur,True
119,AGENT_00119,Julien Robert,Ripeur,True
120,AGENT_00120,Jean Martin,Superviseur,True
121,AGENT_00121,Thomas Martin,Superviseur,True
122,AGENT_00122,Marc Petit,Ripeur,True
123,AGENT_00123,Luc Robert,Superviseur,True
124,AGENT_00124,Julien Dubois,Superviseur,True
125,AGENT_00125,Paul Richard,Ripeur,True
126,AGENT_00126,Julien Bernard,Superviseur,True
127,AGENT_00127,Julien Dubois,Ripeur,True
128,AGENT_00128,Nicolas Robert,Superviseur,True
129,AGENT_00129,Jean Richard,Chauffeur,True
130,AGENT_00130,Nicolas Bernard,Chauffeur,True
131,AGENT_00131,Paul Richard,Superviseur,True
132,AGENT_00132,Marc Bernard,Chauffeur,True
133,AGENT_00133,Luc Bernard,Ripeur,True
134,AGENT_00134,Paul Petit,Chauffeur,True
135,AGENT_00135,Julien Dubois,Superviseur,True
136,AGENT_00136,Paul Robert,Superviseur,True
137,AGENT_00137,Nicolas Robert,Chauffeur,True
138,AGENT_00138,Luc Petit,Ripeur,True
139,AGENT_00139,Jean Bernard,Chauffeur,True
140,AGENT_00140,Luc Richard,Superviseur,True
141,AGENT_00141,Luc Bernard,Superviseur,True
142,AGENT_00142,Jean Richard,Chauffeur,True
143,AGENT_00143,Jean Bernard,Ripeur,True
144,AGENT_00144,Luc Richard,Ripeur,True
145,AGENT_00145,Jean Petit,Superviseur,True
146,AGENT_00146,Marc Martin,Chauffeur,True
147,AGENT_00147,Nicolas Richard,Ripeur,True
148,AGENT_00148,Nicolas Bernard,Chauffeur,True
149,AGENT_00149,Julien Richard,Chauffeur,True
150,AGENT_00150,Luc Richard,Superviseur,True
151,AGENT_00151,Marc Bernard,Superviseur,True
152,AGENT_00152,Thomas Robert,Superviseur,True
153,AGENT_00153,Paul Bernard,Ripeur,True
154,AGENT_00154,Julien Bernard,Chauffeur,True
155,AGENT_00155,Jean Bernard,Superviseur,True
156,AGENT_00156,Julien Bernard,Superviseur,True
157,AGENT_00157,Paul Bernard,Ripeur,True
158,AGENT_00158,Jean Richard,Superviseur,True
159,AGENT_00159,Paul Martin,Ripeur,True
160,AGENT_00160,Luc Richard,Superviseur,True
161,AGENT_00161,Jean Petit,Superviseur,True
162,AGENT_00162,Julien Richard,Ripeur,True
163,AGENT_00163,Thomas Martin,Superviseur,True
164,AGENT_00164,Julien Bernard,Ripeur,True
165,AGENT_00165,Julien Dubois,Superviseur,True
166,AGENT_00166,Paul Robert,Chauffeur,True
167,AGENT_00167,Marc Robert,Chauffeur,True
168,AGENT_00168,Paul Dubois,Superviseur,True
169,AGENT_00169,Julien Dubois,Chauffeur,True
170,AGENT_00170,Jean Petit,Superviseur,True
171,AGENT_00171,Jean Richard,Superviseur,True
172,AGENT_00172,Paul Richard,Chauffeur,True
173,AGENT_00173,Julien Petit,Chauffeur,True
174,AGENT_00174,Thomas Robert,Ripeur,True
175,AGENT_00175,Paul Bernard,Ripeur,True
176,AGENT_00176,Marc Dubois,Superviseur,True
177,AGENT_00177,Julien Richard,Ripeur,True
178,AGENT_00178,Marc Petit,Ripeur,True
179,AGENT_00179,Pierre Robert,Superviseur,True
180,AGENT_00180,Nicolas Bernard,Ripeur,True
181,AGENT_00181,Nicolas Dubois,Ripeur,True
182,AGENT_00182,Thomas Petit,Ripeur,True
183,AGENT_00183,Luc Petit,Chauffeur,True
184,AGENT_00184,Pierre Robert,Superviseur,True
185,AGENT_00185,Luc Martin,Chauffeur,True
186,AGENT_00186,Julien Dubois,Superviseur,True
187,AGENT_00187,Jean Bernard,Ripeur,True
188,AGENT_00188,Jean Martin,Chauffeur,True
189,AGENT_00189,Nicolas Richard,Ripeur,True
190,AGENT_00190,Paul Martin,Ripeur,True
191,AGENT_00191,Pierre Dubois,Chauffeur,True
192,AGENT_00192,Jean Petit,Ripeur,True
193,AGENT_00193,Julien Richard,Superviseur,True
194,AGENT_00194,Marc Petit,Superviseur,True
195,AGENT_00195,Jean Bernard,Superviseur,True
196,AGENT_00196,Nicolas Robert,Chauffeur,True
197,AGENT_00197,Pierre Petit,Superviseur,True
198,AGENT_00198,Marc Bernard,Chauffeur,True
199,AGENT_00199,Pierre Richard,Chauffeur,True
200,AGENT_00200,Jean Dubois,Chauffeur,True
201,AGENT_00201,Jean Bernard,Chauffeur,True
202,AGENT_00202,Marc Robert,Ripeur,True
203,AGENT_00203,Julien Robert,Superviseur,True
204,AGENT_00204,Pierre Richard,Chauffeur,True
205,AGENT_00205,Paul Martin,Superviseur,True
206,AGENT_00206,Marc Petit,Superviseur,True
207,AGENT_00207,Thomas Dubois,Ripeur,True
208,AGENT_00208,Pierre Richard,Chauffeur,True
209,AGENT_00209,Nicolas Robert,Superviseur,True
210,AGENT_00210,Jean Dubois,Chauffeur,True
211,AGENT_00211,Julien Richard,Chauffeur,True
212,AGENT_00212,Paul Richard,Ripeur,True
213,AGENT_00213,Thomas Martin,Superviseur,True
214,AGENT_00214,Marc Richard,Superviseur,True
215,AGENT_00215,Marc Petit,Ripeur,True
216,AGENT_00216,Julien Richard,Ripeur,True
217,AGENT_00217,Pierre Dubois,Ripeur,True
218,AGENT_00218,Nicolas Richard,Chauffeur,True
219,AGENT_00219,Nicolas Martin,Ripeur,True
220,AGENT_00220,Paul Robert,Superviseur,True
221,AGENT_00221,Pierre Petit,Superviseur,True
222,AGENT_00222,Pierre Dubois,Ripeur,True
223,AGENT_00223,Thomas Richard,Superviseur,True
224,AGENT_00224,Jean Petit,Ripeur,True
225,AGENT_00225,Pierre Dubois,Chauffeur,True
226,AGENT_00226,Julien Petit,Superviseur,True
227,AGENT_00227,Thomas Martin,Superviseur,True
228,AGENT_00228,Luc Robert,Ripeur,True
229,AGENT_00229,Thomas Bernard,Superviseur,True
230,AGENT_00230,Marc Bernard,Superviseur,True
231,AGENT_00231,Pierre Robert,Superviseur,True
232,AGENT_00232,Pierre Bernard,Superviseur,True
233,AGENT_00233,Pierre Dubois,Chauffeur,True
234,AGENT_00234,Pierre Bernard,Chauffeur,True
235,AGENT_00235,Thomas Bernard,Chauffeur,True
236,AGENT_00236,Paul Martin,Superviseur,True
237,AGENT_00237,Nicolas Richard,Chauffeur,True
238,AGENT_00238,Jean Robert,Ripeur,True
239,AGENT_00239,Thomas Robert,Superviseur,True
240,AGENT_00240,Marc Robert,Chauffeur,True
241,AGENT_00241,Marc Robert,Chauffeur,True
242,AGENT_00242,Luc Martin,Superviseur,True
243,AGENT_00243,Julien Robert,Superviseur,True
244,AGENT_00244,Jean Richard,Ripeur,True
245,AGENT_00245,Julien Petit,Chauffeur,True
246,AGENT_00246,Nicolas Martin,Superviseur,True
247,AGENT_00247,Nicolas Dubois,Superviseur,True
248,AGENT_00248,Jean Martin,Superviseur,True
249,AGENT_00249,Pierre Robert,Superviseur,True
250,AGENT_00250,Paul Dubois,Ripeur,True
251,AGENT_00251,Marc Bernard,Superviseur,True
252,AGENT_00252,Marc Bernard,Ripeur,True
253,AGENT_00253,Nicolas Richard,Ripeur,True
254,AGENT_00254,Thomas Bernard,Ripeur,True
255,AGENT_00255,Julien Bernard,Ripeur,True
256,AGENT_00256,Thomas Dubois,Ripeur,True
257,AGENT_00257,Marc Robert,Chauffeur,True
258,AGENT_00258,Luc Richard,Superviseur,True
259,AGENT_00259,Pierre Martin,Superviseur,True
260,AGENT_00260,Marc Bernard,Superviseur,True
261,AGENT_00261,Julien Robert,Chauffeur,True
262,AGENT_00262,Luc Petit,Chauffeur,True
263,AGENT_00263,Nicolas Martin,Chauffeur,True
264,AGENT_00264,Julien Robert,Chauffeur,True
265,AGENT_00265,Thomas Robert,Ripeur,True
266,AGENT_00266,Marc Richard,Superviseur,True
267,AGENT_00267,Jean Robert,Chauffeur,True
268,AGENT_00268,Luc Martin,Chauffeur,True
269,AGENT_00269,Marc Robert,Superviseur,True
270,AGENT_00270,Paul Robert,Superviseur,True
271,AGENT_00271,Thomas Dubois,Ripeur,True
272,AGENT_00272,Thomas Richard,Superviseur,True
273,AGENT_00273,Marc Dubois,Chauffeur,True
274,AGENT_00274,Julien Martin,Ripeur,True
275,AGENT_00275,Pierre Richard,Superviseur,True
276,AGENT_00276,Luc Dubois,Ripeur,True
277,AGENT_00277,Thomas Petit,Superviseur,True
278,AGENT_00278,Nicolas Petit,Ripeur,True
279,AGENT_00279,Paul Robert,Superviseur,True
280,AGENT_00280,Marc Robert,Superviseur,True
281,AGENT_00281,Luc Bernard,Superviseur,True
282,AGENT_00282,Thomas Robert,Superviseur,True
283,AGENT_00283,Julien Martin,Chauffeur,True
284,AGENT_00284,Luc Dubois,Chauffeur,True
285,AGENT_00285,Thomas Dubois,Superviseur,True
286,AGENT_00286,Marc Petit,Ripeur,True
287,AGENT_00287,Julien Dubois,Ripeur,True
288,AGENT_00288,Thomas Petit,Superviseur,True
289,AGENT_00289,Nicolas Robert,Chauffeur,True
290,AGENT_00290,Luc Martin,Chauffeur,True
291,AGENT_00291,Pierre Petit,Ripeur,True
292,AGENT_00292,Paul Bernard,Chauffeur,True
293,AGENT_00293,Julien Martin,Chauffeur,True
294,AGENT_00294,Paul Robert,Superviseur,True
295,AGENT_00295,Jean Martin,Ripeur,True
296,AGENT_00296,Paul Martin,Ripeur,True
297,AGENT_00297,Luc Martin,Superviseur,True
298,AGENT_00298,Julien Dubois,Chauffeur,True
299,AGENT_00299,Pierre Petit,Ripeur,True
300,AGENT_00300,Nicolas Petit,Chauffeur,True
301,AGENT_00301,Luc Richard,Chauffeur,True
302,AGENT_00302,Jean Martin,Superviseur,True
303,AGENT_00303,Thomas Dubois,Ripeur,True
304,AGENT_00304,Nicolas Richard,Ripeur,True
305,AGENT_00305,Nicolas Bernard,Superviseur,True
306,AGENT_00306,Luc Richard,Superviseur,True
307,AGENT_00307,Nicolas Petit,Superviseur,True
308,AGENT_00308,Julien Richard,Superviseur,True
309,AGENT_00309,Marc Dubois,Ripeur,True
310,AGENT_00310,Pierre Martin,Ripeur,True
311,AGENT_00311,Marc Dubois,Ripeur,True
312,AGENT_00312,Marc Bernard,Ripeur,True
313,AGENT_00313,Jean Martin,Superviseur,True
314,AGENT_00314,Luc Dubois,Ripeur,True
315,AGENT_00315,Nicolas Richard,Chauffeur,True
316,AGENT_00316,Nicolas Robert,Ripeur,True
317,AGENT_00317,Jean Robert,Ripeur,True
318,AGENT_00318,Pierre Martin,Superviseur,True
319,AGENT_00319,Thomas Bernard,Ripeur,True
320,AGENT_00320,Julien Robert,Chauffeur,True
321,AGENT_00321,Luc Petit,Superviseur,True
322,AGENT_00322,Julien Robert,Chauffeur,True
323,AGENT_00323,Marc Martin,Ripeur,True
324,AGENT_00324,Pierre Richard,Superviseur,True
325,AGENT_00325,Marc Dubois,Superviseur,True
326,AGENT_00326,Marc Robert,Chauffeur,True
327,AGENT_00327,Paul Bernard,Chauffeur,True
328,AGENT_00328,Marc Martin,Superviseur,True
329,AGENT_00329,Nicolas Richard,Ripeur,True
330,AGENT_00330,Marc Petit,Superviseur,True
331,AGENT_00331,Nicolas Bernard,Ripeur,True
332,AGENT_00332,Jean Bernard,Chauffeur,True
333,AGENT_00333,Jean Bernard,Chauffeur,True
334,AGENT_00334,Marc Dubois,Chauffeur,True
335,AGENT_00335,Nicolas Petit,Chauffeur,True
336,AGENT_00336,Pierre Martin,Chauffeur,True
337,AGENT_00337,Jean Robert,Chauffeur,True
338,AGENT_00338,Thomas Robert,Ripeur,True
339,AGENT_00339,Nicolas Dubois,Ripeur,True
340,AGENT_00340,Jean Dubois,Chauffeur,True
341,AGENT_00341,Luc Martin,Ripeur,True
342,AGENT_00342,Julien Martin,Superviseur,True
343,AGENT_00343,Nicolas Bernard,Chauffeur,True
344,AGENT_00344,Marc Robert,Chauffeur,True
345,AGENT_00345,Paul Petit,Chauffeur,True
346,AGENT_00346,Julien Robert,Chauffeur,True
347,AGENT_00347,Jean Bernard,Ripeur,True
348,AGENT_00348,Paul Richard,Superviseur,True
349,AGENT_00349,Pierre Robert,Ripeur,True
350,AGENT_00350,Marc Dubois,Chauffeur,True
351,AGENT_00351,Jean Petit,Superviseur,True
352,AGENT_00352,Paul Dubois,Ripeur,True
353,AGENT_00353,Marc Bernard,Ripeur,True
354,AGENT_00354,Jean Petit,Chauffeur,True
355,AGENT_00355,Paul Bernard,Superviseur,True
356,AGENT_00356,Julien Dubois,Chauffeur,True
357,AGENT_00357,Luc Dubois,Superviseur,True
358,AGENT_00358,Paul Robert,Chauffeur,True
359,AGENT_00359,Jean Martin,Superviseur,True
360,AGENT_00360,Nicolas Petit,Superviseur,True
361,AGENT_00361,Luc Dubois,Chauffeur,True
362,AGENT_00362,Pierre Bernard,Ripeur,True
363,AGENT_00363,Paul Petit,Superviseur,True
364,AGENT_00364,Thomas Petit,Chauffeur,True
365,AGENT_00365,Jean Dubois,Superviseur,True
366,AGENT_00366,Luc Petit,Superviseur,True
367,AGENT_00367,Paul Bernard,Ripeur,True
368,AGENT_00368,Pierre Dubois,Superviseur,True
369,AGENT_00369,Thomas Robert,Superviseur,True
370,AGENT_00370,Pierre Martin,Superviseur,True
371,AGENT_00371,Julien Dubois,Superviseur,True
372,AGENT_00372,Luc Dubois,Chauffeur,True
373,AGENT_00373,Nicolas Petit,Ripeur,True
374,AGENT_00374,Marc Richard,Superviseur,True
375,AGENT_00375,Nicolas Bernard,Superviseur,True
376,AGENT_00376,Luc Richard,Ripeur,True
377,AGENT_00377,Thomas Petit,Ripeur,True
378,AGENT_00378,Marc Richard,Superviseur,True
379,AGENT_00379,Luc Martin,Superviseur,True
380,AGENT_00380,Luc Robert,Ripeur,True
381,AGENT_00381,Marc Richard,Ripeur,True
382,AGENT_00382,Nicolas Martin,Superviseur,True
383,AGENT_00383,Julien Petit,Chauffeur,True
384,AGENT_00384,Jean Richard,Ripeur,True
385,AGENT_00385,Pierre Dubois,Superviseur,True
386,AGENT_00386,Paul Petit,Superviseur,True
387,AGENT_00387,Julien Bernard,Superviseur,True
388,AGENT_00388,Nicolas Richard,Chauffeur,True
389,AGENT_00389,Marc Dubois,Ripeur,True
390,AGENT_00390,Thomas Martin,Chauffeur,True
391,AGENT_00391,Paul Martin,Chauffeur,True
392,AGENT_00392,Luc Martin,Chauffeur,True
393,AGENT_00393,Paul Robert,Chauffeur,True
394,AGENT_00394,Paul Martin,Superviseur,True
395,AGENT_00395,Julien Petit,Ripeur,True
396,AGENT_00396,Marc Martin,Ripeur,True
397,AGENT_00397,Pierre Richard,Superviseur,True
398,AGENT_00398,Paul Martin,Chauffeur,True
399,AGENT_00399,Nicolas Martin,Ripeur,True
400,AGENT_00400,Jean Dubois,Superviseur,True
401,AGENT_00401,Julien Dubois,Superviseur,True
402,AGENT_00402,Jean Richard,Ripeur,True
403,AGENT_00403,Jean Petit,Chauffeur,True
404,AGENT_00404,Marc Martin,Chauffeur,True
405,AGENT_00405,Paul Martin,Superviseur,True
406,AGENT_00406,Pierre Richard,Ripeur,True
407,AGENT_00407,Pierre Bernard,Superviseur,True
408,AGENT_00408,Pierre Richard,Superviseur,True
409,AGENT_00409,Luc Richard,Superviseur,True
410,AGENT_00410,Julien Petit,Chauffeur,True
411,AGENT_00411,Thomas Petit,Ripeur,True
412,AGENT_00412,Julien Martin,Chauffeur,True
413,AGENT_00413,Luc Richard,Ripeur,True
414,AGENT_00414,Thomas Petit,Chauffeur,True
415,AGENT_00415,Nicolas Dubois,Ripeur,True
416,AGENT_00416,Thomas Dubois,Ripeur,True
417,AGENT_00417,Julien Petit,Ripeur,True
418,AGENT_00418,Pierre Richard,Superviseur,True
419,AGENT_00419,Pierre Robert,Superviseur,True
420,AGENT_00420,Marc Dubois,Ripeur,True
421,AGENT_00421,Nicolas Robert,Chauffeur,True
422,AGENT_00422,Jean Dubois,Superviseur,True
423,AGENT_00423,Jean Richard,Chauffeur,True
424,AGENT_00424,Marc Martin,Ripeur,True
425,AGENT_00425,Pierre Bernard,Ripeur,True
426,AGENT_00426,Jean Petit,Ripeur,True
427,AGENT_00427,Luc Martin,Chauffeur,True
428,AGENT_00428,Nicolas Dubois,Chauffeur,True
429,AGENT_00429,Luc Dubois,Ripeur,True
430,AGENT_00430,Pierre Bernard,Ripeur,True
431,AGENT_00431,Marc Martin,Superviseur,True
432,AGENT_00432,Julien Richard,Chauffeur,True
433,AGENT_00433,Paul Petit,Ripeur,True
434,AGENT_00434,Nicolas Bernard,Ripeur,True
435,AGENT_00435,Paul Richard,Superviseur,True
436,AGENT_00436,Marc Martin,Superviseur,True
437,AGENT_00437,Julien Martin,Chauffeur,True
438,AGENT_00438,Thomas Dubois,Ripeur,True
439,AGENT_00439,Julien Martin,Chauffeur,True
440,AGENT_00440,Jean Petit,Superviseur,True
441,AGENT_00441,Julien Martin,Ripeur,True
442,AGENT_00442,Jean Dubois,Superviseur,True
443,AGENT_00443,Luc Dubois,Superviseur,True
444,AGENT_00444,Pierre Bernard,Chauffeur,True
445,AGENT_00445,Julien Robert,Superviseur,True
446,AGENT_00446,Paul Bernard,Ripeur,True
447,AGENT_00447,Marc Robert,Chauffeur,True
448,AGENT_00448,Luc Dubois,Chauffeur,True
449,AGENT_00449,Nicolas Richard,Superviseur,True
450,AGENT_00450,Jean Richard,Ripeur,True
451,AGENT_00451,Marc Martin,Ripeur,True
452,AGENT_00452,Julien Petit,Chauffeur,True
453,AGENT_00453,Luc Robert,Superviseur,True
454,AGENT_00454,Pierre Robert,Ripeur,True
455,AGENT_00455,Pierre Richard,Superviseur,True
456,AGENT_00456,Pierre Bernard,Chauffeur,True
457,AGENT_00457,Marc Robert,Ripeur,True
458,AGENT_00458,Paul Martin,Superviseur,True
459,AGENT_00459,Julien Robert,Ripeur,True
460,AGENT_00460,Thomas Bernard,Ripeur,True
461,AGENT_00461,Thomas Richard,Superviseur,True
462,AGENT_00462,Jean Dubois,Chauffeur,True
463,AGENT_00463,Thomas Richard,Ripeur,True
464,AGENT_00464,Luc Robert,Chauffeur,True
465,AGENT_00465,Pierre Bernard,Superviseur,True
466,AGENT_00466,Thomas Bernard,Superviseur,True
467,AGENT_00467,Paul Martin,Superviseur,True
468,AGENT_00468,Jean Bernard,Superviseur,True
469,AGENT_00469,Luc Dubois,Chauffeur,True
470,AGENT_00470,Thomas Petit,Chauffeur,True
471,AGENT_00471,Marc Robert,Ripeur,True
472,AGENT_00472,Jean Dubois,Chauffeur,True
473,AGENT_00473,Pierre Bernard,Superviseur,True
474,AGENT_00474,Marc Richard,Ripeur,True
475,AGENT_00475,Luc Petit,Superviseur,True
476,AGENT_00476,Jean Robert,Superviseur,True
477,AGENT_00477,Jean Dubois,Chauffeur,True
478,AGENT_00478,Jean Dubois,Chauffeur,True
479,AGENT_00479,Marc Martin,Ripeur,True
480,AGENT_00480,Jean Martin,Ripeur,True
481,AGENT_00481,Marc Petit,Superviseur,True
482,AGENT_00482,Thomas Martin,Chauffeur,True
483,AGENT_00483,Marc Petit,Ripeur,True
484,AGENT_00484,Pierre Robert,Superviseur,True
485,AGENT_00485,Paul Dubois,Ripeur,True
486,AGENT_00486,Paul Bernard,Chauffeur,True
487,AGENT_00487,Nicolas Richard,Superviseur,True
488,AGENT_00488,Jean Martin,Chauffeur,True
489,AGENT_00489,Marc Dubois,Ripeur,True
490,AGENT_00490,Julien Petit,Chauffeur,True
491,AGENT_00491,Jean Dubois,Superviseur,True
492,AGENT_00492,Thomas Dubois,Superviseur,True
493,AGENT_00493,Marc Bernard,Superviseur,True
494,AGENT_00494,Marc Martin,Superviseur,True
495,AGENT_00495,Marc Robert,Chauffeur,True
496,AGENT_00496,Marc Bernard,Chauffeur,True
497,AGENT_00497,Thomas Robert,Superviseur,True
498,AGENT_00498,Luc Martin,Superviseur,True
499,AGENT_00499,Julien Richard,Superviseur,True
500,AGENT_00500,Pierre Robert,Chauffeur,True
501,AGENT_00501,Luc Robert,Ripeur,True
502,AGENT_00502,Thomas Robert,Superviseur,True
503,AGENT_00503,Luc Bernard,Superviseur,True
504,AGENT_00504,Luc Richard,Superviseur,True
505,AGENT_00505,Pierre Bernard,Ripeur,True
506,AGENT_00506,Luc Robert,Chauffeur,True
507,AGENT_00507,Luc Dubois,Chauffeur,True
508,AGENT_00508,Paul Bernard,Ripeur,True
509,AGENT_00509,Luc Petit,Chauffeur,True
510,AGENT_00510,Thomas Robert,Ripeur,True
511,AGENT_00511,Marc Robert,Superviseur,True
512,AGENT_00512,Marc Bernard,Chauffeur,True
513,AGENT_00513,Paul Bernard,Chauffeur,True
514,AGENT_00514,Jean Richard,Superviseur,True
515,AGENT_00515,Marc Richard,Superviseur,True
516,AGENT_00516,Pierre Richard,Chauffeur,True
517,AGENT_00517,Pierre Petit,Chauffeur,True
518,AGENT_00518,Thomas Martin,Superviseur,True
519,AGENT_00519,Nicolas Bernard,Superviseur,True
520,AGENT_00520,Nicolas Petit,Superviseur,True
521,AGENT_00521,Thomas Bernard,Ripeur,True
522,AGENT_00522,Nicolas Robert,Chauffeur,True
523,AGENT_00523,Luc Bernard,Chauffeur,True
524,AGENT_00524,Jean Robert,Chauffeur,True
525,AGENT_00525,Marc Robert,Chauffeur,True
526,AGENT_00526,Pierre Bernard,Chauffeur,True
527,AGENT_00527,Luc Robert,Superviseur,True
528,AGENT_00528,Nicolas Petit,Ripeur,True
529,AGENT_00529,Nicolas Bernard,Ripeur,True
530,AGENT_00530,Julien Martin,Superviseur,True
531,AGENT_00531,Julien Petit,Ripeur,True
532,AGENT_00532,Julien Richard,Superviseur,True
533,AGENT_00533,Jean Richard,Chauffeur,True
534,AGENT_00534,Nicolas Robert,Chauffeur,True
535,AGENT_00535,Pierre Richard,Superviseur,True
536,AGENT_00536,Julien Petit,Chauffeur,True
537,AGENT_00537,Julien Richard,Superviseur,True
538,AGENT_00538,Jean Bernard,Ripeur,True
539,AGENT_00539,Nicolas Robert,Ripeur,True
540,AGENT_00540,Marc Robert,Chauffeur,True
541,AGENT_00541,Julien Dubois,Superviseur,True
542,AGENT_00542,Jean Petit,Superviseur,True
543,AGENT_00543,Luc Robert,Superviseur,True
544,AGENT_00544,Nicolas Martin,Superviseur,True
545,AGENT_00545,Paul Bernard,Superviseur,True
546,AGENT_00546,Luc Robert,Ripeur,True
547,AGENT_00547,Thomas Robert,Chauffeur,True
548,AGENT_00548,Luc Robert,Superviseur,True
549,AGENT_00549,Pierre Robert,Chauffeur,True
550,AGENT_00550,Marc Dubois,Superviseur,True
551,AGENT_00551,Luc Petit,Superviseur,True
552,AGENT_00552,Paul Martin,Chauffeur,True
553,AGENT_00553,Nicolas Petit,Ripeur,True
554,AGENT_00554,Paul Richard,Superviseur,True
555,AGENT_00555,Julien Petit,Superviseur,True
556,AGENT_00556,Luc Robert,Superviseur,True
557,AGENT_00557,Julien Martin,Chauffeur,True
558,AGENT_00558,Thomas Richard,Superviseur,True
559,AGENT_00559,Luc Bernard,Chauffeur,True
560,AGENT_00560,Luc Petit,Chauffeur,True
561,AGENT_00561,Julien Dubois,Ripeur,True
562,AGENT_00562,Nicolas Dubois,Superviseur,True
563,AGENT_00563,Luc Martin,Chauffeur,True
564,AGENT_00564,Pierre Martin,Superviseur,True
565,AGENT_00565,Marc Martin,Ripeur,True
566,AGENT_00566,Nicolas Robert,Superviseur,True
567,AGENT_00567,Jean Richard,Ripeur,True
568,AGENT_00568,Pierre Bernard,Superviseur,True
569,AGENT_00569,Nicolas Robert,Ripeur,True
570,AGENT_00570,Nicolas Martin,Superviseur,True
571,AGENT_00571,Jean Bernard,Superviseur,True
572,AGENT_00572,Marc Richard,Superviseur,True
573,AGENT_00573,Pierre Martin,Chauffeur,True
574,AGENT_00574,Luc Martin,Superviseur,True
575,AGENT_00575,Thomas Martin,Chauffeur,True
576,AGENT_00576,Jean Petit,Superviseur,True
577,AGENT_00577,Marc Dubois,Chauffeur,True
578,AGENT_00578,Jean Martin,Ripeur,True
579,AGENT_00579,Luc Bernard,Superviseur,True
580,AGENT_00580,Marc Richard,Superviseur,True
581,AGENT_00581,Luc Robert,Superviseur,True
582,AGENT_00582,Thomas Martin,Chauffeur,True
583,AGENT_00583,Marc Dubois,Ripeur,True
584,AGENT_00584,Julien Martin,Ripeur,True
585,AGENT_00585,Paul Dubois,Ripeur,True
586,AGENT_00586,Luc Martin,Superviseur,True
587,AGENT_00587,Marc Dubois,Superviseur,True
588,AGENT_00588,Julien Richard,Chauffeur,True
589,AGENT_00589,Pierre Richard,Chauffeur,True
590,AGENT_00590,Paul Richard,Superviseur,True
591,AGENT_00591,Paul Robert,Superviseur,True
592,AGENT_00592,Marc Robert,Superviseur,True
593,AGENT_00593,Thomas Dubois,Superviseur,True
594,AGENT_00594,Thomas Bernard,Superviseur,True
595,AGENT_00595,Nicolas Richard,Superviseur,True
596,AGENT_00596,Nicolas Robert,Chauffeur,True
597,AGENT_00597,Pierre Petit,Ripeur,True
598,AGENT_00598,Pierre Martin,Chauffeur,True
599,AGENT_00599,Jean Robert,Superviseur,True
600,AGENT_00600,Paul Petit,Chauffeur,True
601,AGENT_00601,Julien Robert,Chauffeur,True
602,AGENT_00602,Thomas Dubois,Superviseur,True
603,AGENT_00603,Pierre Martin,Superviseur,True
604,AGENT_00604,Pierre Petit,Ripeur,True
605,AGENT_00605,Marc Martin,Ripeur,True
606,AGENT_00606,Marc Richard,Superviseur,True
607,AGENT_00607,Thomas Martin,Chauffeur,True
608,AGENT_00608,Thomas Dubois,Ripeur,True
609,AGENT_00609,Jean Bernard,Chauffeur,True
610,AGENT_00610,Thomas Dubois,Superviseur,True
611,AGENT_00611,Nicolas Robert,Chauffeur,True
612,AGENT_00612,Luc Robert,Chauffeur,True
613,AGENT_00613,Nicolas Richard,Ripeur,True
614,AGENT_00614,Nicolas Robert,Superviseur,True
615,AGENT_00615,Jean Richard,Ripeur,True
616,AGENT_00616,Thomas Richard,Superviseur,True
617,AGENT_00617,Jean Bernard,Superviseur,True
618,AGENT_00618,Thomas Dubois,Chauffeur,True
619,AGENT_00619,Luc Dubois,Chauffeur,True
620,AGENT_00620,Thomas Robert,Superviseur,True
621,AGENT_00621,Luc Richard,Superviseur,True
622,AGENT_00622,Julien Bernard,Superviseur,True
623,AGENT_00623,Paul Dubois,Superviseur,True
624,AGENT_00624,Thomas Petit,Chauffeur,True
625,AGENT_00625,Marc Robert,Chauffeur,True
626,AGENT_00626,Nicolas Bernard,Ripeur,True
627,AGENT_00627,Nicolas Dubois,Chauffeur,True
628,AGENT_00628,Marc Bernard,Chauffeur,True
629,AGENT_00629,Thomas Martin,Chauffeur,True
630,AGENT_00630,Paul Robert,Superviseur,True
631,AGENT_00631,Jean Robert,Superviseur,True
632,AGENT_00632,Luc Bernard,Ripeur,True
633,AGENT_00633,Nicolas Petit,Superviseur,True
634,AGENT_00634,Marc Dubois,Chauffeur,True
635,AGENT_00635,Paul Richard,Superviseur,True
636,AGENT_00636,Luc Bernard,Superviseur,True
637,AGENT_00637,Jean Robert,Ripeur,True
638,AGENT_00638,Paul Martin,Ripeur,True
639,AGENT_00639,Jean Petit,Superviseur,True
640,AGENT_00640,Paul Dubois,Ripeur,True
641,AGENT_00641,Jean Martin,Superviseur,True
642,AGENT_00642,Marc Martin,Superviseur,True
643,AGENT_00643,Marc Petit,Chauffeur,True
644,AGENT_00644,Thomas Bernard,Chauffeur,True
645,AGENT_00645,Marc Dubois,Superviseur,True
646,AGENT_00646,Thomas Robert,Superviseur,True
647,AGENT_00647,Paul Dubois,Chauffeur,True
648,AGENT_00648,Luc Dubois,Chauffeur,True
649,AGENT_00649,Jean Richard,Superviseur,True
650,AGENT_00650,Paul Bernard,Superviseur,True
651,AGENT_00651,Thomas Richard,Ripeur,True
652,AGENT_00652,Marc Bernard,Superviseur,True
653,AGENT_00653,Marc Richard,Chauffeur,True
654,AGENT_00654,Luc Martin,Ripeur,True
655,AGENT_00655,Thomas Richard,Ripeur,True
656,AGENT_00656,Jean Bernard,Chauffeur,True
657,AGENT_00657,Nicolas Petit,Chauffeur,True
658,AGENT_00658,Paul Robert,Chauffeur,True
659,AGENT_00659,Paul Robert,Ripeur,True
660,AGENT_00660,Luc Petit,Superviseur,True
661,AGENT_00661,Nicolas Richard,Ripeur,True
662,AGENT_00662,Marc Dubois,Chauffeur,True
663,AGENT_00663,Paul Robert,Superviseur,True
664,AGENT_00664,Luc Martin,Superviseur,True
665,AGENT_00665,Nicolas Martin,Ripeur,True
666,AGENT_00666,Marc Petit,Superviseur,True
667,AGENT_00667,Nicolas Robert,Chauffeur,True
668,AGENT_00668,Pierre Bernard,Superviseur,True
669,AGENT_00669,Marc Dubois,Ripeur,True
670,AGENT_00670,Luc Petit,Superviseur,True
671,AGENT_00671,Thomas Dubois,Ripeur,True
672,AGENT_00672,Nicolas Martin,Chauffeur,True
673,AGENT_00673,Nicolas Martin,Ripeur,True
674,AGENT_00674,Nicolas Robert,Chauffeur,True
675,AGENT_00675,Marc Dubois,Superviseur,True
676,AGENT_00676,Luc Richard,Chauffeur,True
677,AGENT_00677,Julien Petit,Chauffeur,True
678,AGENT_00678,Thomas Richard,Superviseur,True
679,AGENT_00679,Paul Dubois,Superviseur,True
680,AGENT_00680,Nicolas Robert,Superviseur,True
681,AGENT_00681,Julien Bernard,Superviseur,True
682,AGENT_00682,Pierre Richard,Chauffeur,True
683,AGENT_00683,Nicolas Robert,Chauffeur,True
684,AGENT_00684,Thomas Bernard,Superviseur,True
685,AGENT_00685,Julien Robert,Superviseur,True
686,AGENT_00686,Thomas Richard,Superviseur,True
687,AGENT_00687,Pierre Bernard,Superviseur,True
688,AGENT_00688,Paul Petit,Superviseur,True
689,AGENT_00689,Nicolas Martin,Superviseur,True
690,AGENT_00690,Nicolas Dubois,Superviseur,True
691,AGENT_00691,Paul Robert,Chauffeur,True
692,AGENT_00692,Marc Robert,Chauffeur,True
693,AGENT_00693,Paul Petit,Superviseur,True
694,AGENT_00694,Julien Dubois,Ripeur,True
695,AGENT_00695,Jean Martin,Chauffeur,True
696,AGENT_00696,Luc Richard,Superviseur,True
697,AGENT_00697,Jean Bernard,Superviseur,True
698,AGENT_00698,Luc Robert,Superviseur,True
699,AGENT_00699,Marc Robert,Superviseur,True
700,AGENT_00700,Nicolas Bernard,Chauffeur,True
701,AGENT_00701,Thomas Dubois,Superviseur,True
702,AGENT_00702,Marc Robert,Superviseur,True
703,AGENT_00703,Thomas Martin,Superviseur,True
704,AGENT_00704,Jean Richard,Superviseur,True
705,AGENT_00705,Julien Bernard,Ripeur,True
706,AGENT_00706,Jean Dubois,Superviseur,True
707,AGENT_00707,Jean Martin,Superviseur,True
708,AGENT_00708,Thomas Martin,Ripeur,True
709,AGENT_00709,Jean Bernard,Ripeur,True
710,AGENT_00710,Julien Petit,Ripeur,True
711,AGENT_00711,Julien Robert,Ripeur,True
712,AGENT_00712,Julien Richard,Chauffeur,True
713,AGENT_00713,Luc Robert,Chauffeur,True
714,AGENT_00714,Pierre Richard,Ripeur,True
715,AGENT_00715,Thomas Robert,Chauffeur,True
716,AGENT_00716,Marc Petit,Chauffeur,True
717,AGENT_00717,Luc Martin,Chauffeur,True
718,AGENT_00718,Jean Bernard,Superviseur,True
719,AGENT_00719,Nicolas Petit,Ripeur,True
720,AGENT_00720,Luc Martin,Chauffeur,True
721,AGENT_00721,Julien Robert,Superviseur,True
722,AGENT_00722,Julien Richard,Chauffeur,True
723,AGENT_00723,Nicolas Richard,Ripeur,True
724,AGENT_00724,Nicolas Robert,Ripeur,True
725,AGENT_00725,Pierre Bernard,Ripeur,True
726,AGENT_00726,Jean Richard,Ripeur,True
727,AGENT_00727,Pierre Petit,Superviseur,True
728,AGENT_00728,Marc Robert,Superviseur,True
729,AGENT_00729,Thomas Martin,Chauffeur,True
730,AGENT_00730,Nicolas Petit,Ripeur,True
731,AGENT_00731,Paul Richard,Ripeur,True
732,AGENT_00732,Paul Bernard,Superviseur,True
733,AGENT_00733,Marc Robert,Superviseur,True
734,AGENT_00734,Paul Richard,Superviseur,True
735,AGENT_00735,Paul Bernard,Ripeur,True
736,AGENT_00736,Paul Petit,Superviseur,True
737,AGENT_00737,Marc Richard,Chauffeur,True
738,AGENT_00738,Thomas Richard,Chauffeur,True
739,AGENT_00739,Nicolas Robert,Superviseur,True
740,AGENT_00740,Nicolas Richard,Superviseur,True
741,AGENT_00741,Thomas Robert,Ripeur,True
742,AGENT_00742,Marc Dubois,Chauffeur,True
743,AGENT_00743,Jean Petit,Superviseur,True
744,AGENT_00744,Marc Petit,Superviseur,True
745,AGENT_00745,Marc Martin,Superviseur,True
746,AGENT_00746,Nicolas Richard,Chauffeur,True
747,AGENT_00747,Jean Petit,Ripeur,True
748,AGENT_00748,Jean Dubois,Ripeur,True
749,AGENT_00749,Paul Bernard,Superviseur,True
750,AGENT_00750,Paul Dubois,Ripeur,True
751,AGENT_00751,Luc Richard,Ripeur,True
752,AGENT_00752,Marc Dubois,Chauffeur,True
753,AGENT_00753,Paul Richard,Chauffeur,True
754,AGENT_00754,Luc Petit,Ripeur,True
755,AGENT_00755,Thomas Bernard,Ripeur,True
756,AGENT_00756,Pierre Robert,Chauffeur,True
757,AGENT_00757,Jean Dubois,Chauffeur,True
758,AGENT_00758,Luc Richard,Chauffeur,True
759,AGENT_00759,Nicolas Robert,Ripeur,True
760,AGENT_00760,Pierre Petit,Ripeur,True
761,AGENT_00761,Luc Bernard,Superviseur,True
762,AGENT_00762,Thomas Martin,Superviseur,True
763,AGENT_00763,Marc Martin,Chauffeur,True
764,AGENT_00764,Luc Robert,Ripeur,True
765,AGENT_00765,Nicolas Dubois,Ripeur,True
766,AGENT_00766,Pierre Robert,Superviseur,True
767,AGENT_00767,Julien Robert,Ripeur,True
768,AGENT_00768,Luc Richard,Ripeur,True
769,AGENT_00769,Jean Dubois,Ripeur,True
770,AGENT_00770,Julien Petit,Ripeur,True
771,AGENT_00771,Jean Martin,Superviseur,True
772,AGENT_00772,Thomas Robert,Superviseur,True
773,AGENT_00773,Marc Dubois,Ripeur,True
774,AGENT_00774,Marc Martin,Ripeur,True
775,AGENT_00775,Julien Robert,Superviseur,True
776,AGENT_00776,Pierre Petit,Superviseur,True
777,AGENT_00777,Pierre Richard,Ripeur,True
778,AGENT_00778,Luc Dubois,Superviseur,True
779,AGENT_00779,Jean Petit,Chauffeur,True
780,AGENT_00780,Paul Martin,Ripeur,True
781,AGENT_00781,Paul Richard,Chauffeur,True
782,AGENT_00782,Nicolas Dubois,Chauffeur,True
783,AGENT_00783,Marc Dubois,Chauffeur,True
784,AGENT_00784,Jean Martin,Superviseur,True
785,AGENT_00785,Paul Martin,Superviseur,True
786,AGENT_00786,Pierre Richard,Superviseur,True
787,AGENT_00787,Paul Petit,Chauffeur,True
788,AGENT_00788,Paul Richard,Chauffeur,True
789,AGENT_00789,Julien Petit,Superviseur,True
790,AGENT_00790,Luc Martin,Superviseur,True
791,AGENT_00791,Luc Dubois,Ripeur,True
792,AGENT_00792,Nicolas Petit,Chauffeur,True
793,AGENT_00793,Nicolas Dubois,Ripeur,True
794,AGENT_00794,Thomas Dubois,Chauffeur,True
795,AGENT_00795,Paul Dubois,Chauffeur,True
796,AGENT_00796,Julien Robert,Ripeur,True
797,AGENT_00797,Jean Dubois,Ripeur,True
798,AGENT_00798,Luc Robert,Chauffeur,True
799,AGENT_00799,Nicolas Bernard,Superviseur,True
800,AGENT_00800,Julien Bernard,Superviseur,True
801,AGENT_00801,Nicolas Martin,Chauffeur,True
802,AGENT_00802,Julien Bernard,Superviseur,True
803,AGENT_00803,Paul Robert,Superviseur,True
804,AGENT_00804,Marc Martin,Chauffeur,True
805,AGENT_00805,Paul Martin,Superviseur,True
806,AGENT_00806,Marc Robert,Chauffeur,True
807,AGENT_00807,Nicolas Bernard,Superviseur,True
808,AGENT_00808,Jean Martin,Superviseur,True
809,AGENT_00809,Julien Dubois,Chauffeur,True
810,AGENT_00810,Thomas Robert,Superviseur,True
811,AGENT_00811,Jean Richard,Superviseur,True
812,AGENT_00812,Nicolas Robert,Ripeur,True
813,AGENT_00813,Julien Petit,Chauffeur,True
814,AGENT_00814,Pierre Martin,Ripeur,True
815,AGENT_00815,Nicolas Martin,Superviseur,True
816,AGENT_00816,Thomas Dubois,Superviseur,True
817,AGENT_00817,Marc Robert,Chauffeur,True
818,AGENT_00818,Paul Dubois,Superviseur,True
819,AGENT_00819,Thomas Martin,Ripeur,True
820,AGENT_00820,Marc Petit,Chauffeur,True
821,AGENT_00821,Luc Richard,Chauffeur,True
822,AGENT_00822,Julien Petit,Chauffeur,True
823,AGENT_00823,Marc Petit,Ripeur,True
824,AGENT_00824,Paul Petit,Superviseur,True
825,AGENT_00825,Thomas Robert,Chauffeur,True
826,AGENT_00826,Nicolas Petit,Chauffeur,True
827,AGENT_00827,Luc Martin,Chauffeur,True
828,AGENT_00828,Jean Petit,Superviseur,True
829,AGENT_00829,Pierre Robert,Ripeur,True
830,AGENT_00830,Paul Richard,Superviseur,True
831,AGENT_00831,Marc Robert,Superviseur,True
832,AGENT_00832,Nicolas Martin,Chauffeur,True
833,AGENT_00833,Thomas Martin,Ripeur,True
834,AGENT_00834,Jean Robert,Chauffeur,True
835,AGENT_00835,Pierre Petit,Superviseur,True
836,AGENT_00836,Nicolas Petit,Superviseur,True
837,AGENT_00837,Luc Petit,Superviseur,True
838,AGENT_00838,Pierre Martin,Chauffeur,True
839,AGENT_00839,Luc Robert,Superviseur,True
840,AGENT_00840,Jean Robert,Superviseur,True
841,AGENT_00841,Jean Bernard,Superviseur,True
842,AGENT_00842,Luc Martin,Chauffeur,True
843,AGENT_00843,Jean Dubois,Chauffeur,True
844,AGENT_00844,Nicolas Richard,Chauffeur,True
845,AGENT_00845,Paul Martin,Chauffeur,True
846,AGENT_00846,Nicolas Richard,Superviseur,True
847,AGENT_00847,Pierre Martin,Chauffeur,True
848,AGENT_00848,Julien Dubois,Superviseur,True
849,AGENT_00849,Julien Dubois,Chauffeur,True
850,AGENT_00850,Luc Dubois,Chauffeur,True
851,AGENT_00851,Jean Richard,Chauffeur,True
852,AGENT_00852,Thomas Martin,Chauffeur,True
853,AGENT_00853,Marc Bernard,Ripeur,True
854,AGENT_00854,Luc Petit,Ripeur,True
855,AGENT_00855,Luc Robert,Chauffeur,True
856,AGENT_00856,Jean Bernard,Chauffeur,True
857,AGENT_00857,Julien Bernard,Chauffeur,True
858,AGENT_00858,Nicolas Martin,Chauffeur,True
859,AGENT_00859,Jean Bernard,Chauffeur,True
860,AGENT_00860,Marc Robert,Superviseur,True
861,AGENT_00861,Nicolas Petit,Chauffeur,True
862,AGENT_00862,Pierre Bernard,Superviseur,True
863,AGENT_00863,Marc Richard,Ripeur,True
864,AGENT_00864,Julien Bernard,Chauffeur,True
865,AGENT_00865,Jean Richard,Chauffeur,True
866,AGENT_00866,Nicolas Richard,Chauffeur,True
867,AGENT_00867,Marc Dubois,Ripeur,True
868,AGENT_00868,Jean Richard,Chauffeur,True
869,AGENT_00869,Pierre Martin,Superviseur,True
870,AGENT_00870,Paul Richard,Ripeur,True
871,AGENT_00871,Pierre Robert,Superviseur,True
872,AGENT_00872,Pierre Dubois,Chauffeur,True
873,AGENT_00873,Pierre Martin,Chauffeur,True
874,AGENT_00874,Nicolas Robert,Chauffeur,True
875,AGENT_00875,Luc Petit,Chauffeur,True
876,AGENT_00876,Jean Petit,Ripeur,True
877,AGENT_00877,Marc Bernard,Ripeur,True
878,AGENT_00878,Marc Dubois,Superviseur,True
879,AGENT_00879,Nicolas Martin,Chauffeur,True
880,AGENT_00880,Jean Richard,Chauffeur,True
881,AGENT_00881,Luc Martin,Ripeur,True
882,AGENT_00882,Paul Martin,Chauffeur,True
883,AGENT_00883,Nicolas Richard,Superviseur,True
884,AGENT_00884,Thomas Robert,Chauffeur,True
885,AGENT_00885,Thomas Bernard,Chauffeur,True
886,AGENT_00886,Thomas Bernard,Chauffeur,True
887,AGENT_00887,Pierre Petit,Ripeur,True
888,AGENT_00888,Pierre Robert,Chauffeur,True
889,AGENT_00889,Paul Robert,Superviseur,True
890,AGENT_00890,Nicolas Martin,Ripeur,True
891,AGENT_00891,Luc Bernard,Superviseur,True
892,AGENT_00892,Nicolas Bernard,Ripeur,True
893,AGENT_00893,Thomas Bernard,Ripeur,True
894,AGENT_00894,Pierre Petit,Ripeur,True
895,AGENT_00895,Marc Bernard,Ripeur,True
896,AGENT_00896,Luc Martin,Superviseur,True
897,AGENT_00897,Jean Dubois,Chauffeur,True
898,AGENT_00898,Paul Robert,Ripeur,True
899,AGENT_00899,Julien Bernard,Ripeur,True
900,AGENT_00900,Pierre Dubois,Superviseur,True
901,AGENT_00901,Luc Petit,Superviseur,True
902,AGENT_00902,Luc Richard,Superviseur,True
903,AGENT_00903,Pierre Martin,Ripeur,True
904,AGENT_00904,Nicolas Bernard,Superviseur,True
905,AGENT_00905,Nicolas Robert,Ripeur,True
906,AGENT_00906,Jean Petit,Ripeur,True
907,AGENT_00907,Pierre Bernard,Ripeur,True
908,AGENT_00908,Julien Richard,Chauffeur,True
909,AGENT_00909,Luc Richard,Chauffeur,True
910,AGENT_00910,Julien Martin,Chauffeur,True
911,AGENT_00911,Nicolas Petit,Superviseur,True
912,AGENT_00912,Jean Robert,Superviseur,True
913,AGENT_00913,Julien Robert,Superviseur,True
914,AGENT_00914,Paul Robert,Ripeur,True
915,AGENT_00915,Pierre Martin,Superviseur,True
916,AGENT_00916,Jean Petit,Superviseur,True
917,AGENT_00917,Julien Bernard,Chauffeur,True
918,AGENT_00918,Thomas Dubois,Chauffeur,True
919,AGENT_00919,Paul Martin,Ripeur,True
920,AGENT_00920,Marc Bernard,Superviseur,True
921,AGENT_00921,Nicolas Richard,Superviseur,True
922,AGENT_00922,Jean Robert,Ripeur,True
923,AGENT_00923,Luc Petit,Ripeur,True
924,AGENT_00924,Luc Dubois,Superviseur,True
925,AGENT_00925,Nicolas Petit,Superviseur,True
926,AGENT_00926,Jean Petit,Chauffeur,True
927,AGENT_00927,Julien Petit,Ripeur,True
928,AGENT_00928,Jean Dubois,Ripeur,True
929,AGENT_00929,Marc Petit,Superviseur,True
930,AGENT_00930,Pierre Petit,Chauffeur,True
931,AGENT_00931,Thomas Petit,Chauffeur,True
932,AGENT_00932,Thomas Martin,Chauffeur,True
933,AGENT_00933,Julien Dubois,Ripeur,True
934,AGENT_00934,Jean Dubois,Ripeur,True
935,AGENT_00935,Luc Petit,Superviseur,True
936,AGENT_00936,Paul Richard,Superviseur,True
937,AGENT_00937,Pierre Bernard,Ripeur,True
938,AGENT_00938,Pierre Richard,Chauffeur,True
939,AGENT_00939,Nicolas Petit,Superviseur,True
940,AGENT_00940,Pierre Petit,Chauffeur,True
941,AGENT_00941,Thomas Dubois,Ripeur,True
942,AGENT_00942,Julien Dubois,Chauffeur,True
943,AGENT_00943,Paul Dubois,Ripeur,True
944,AGENT_00944,Nicolas Robert,Superviseur,True
945,AGENT_00945,Paul Robert,Superviseur,True
946,AGENT_00946,Marc Robert,Superviseur,True
947,AGENT_00947,Thomas Petit,Superviseur,True
948,AGENT_00948,Paul Bernard,Ripeur,True
949,AGENT_00949,Paul Martin,Ripeur,True
950,AGENT_00950,Luc Dubois,Chauffeur,True
951,AGENT_00951,Paul Bernard,Ripeur,True
952,AGENT_00952,Paul Petit,Chauffeur,True
953,AGENT_00953,Nicolas Bernard,Chauffeur,True
954,AGENT_00954,Jean Dubois,Ripeur,True
955,AGENT_00955,Luc Robert,Ripeur,True
956,AGENT_00956,Julien Robert,Superviseur,True
957,AGENT_00957,Jean Dubois,Chauffeur,True
958,AGENT_00958,Paul Martin,Chauffeur,True
959,AGENT_00959,Thomas Robert,Superviseur,True
960,AGENT_00960,Thomas Petit,Superviseur,True
961,AGENT_00961,Thomas Robert,Superviseur,True
962,AGENT_00962,Nicolas Robert,Ripeur,True
963,AGENT_00963,Luc Dubois,Chauffeur,True
964,AGENT_00964,Marc Bernard,Ripeur,True
965,AGENT_00965,Thomas Dubois,Chauffeur,True
966,AGENT_00966,Luc Dubois,Ripeur,True
967,AGENT_00967,Nicolas Bernard,Superviseur,True
968,AGENT_00968,Luc Petit,Superviseur,True
969,AGENT_00969,Marc Bernard,Chauffeur,True
970,AGENT_00970,Luc Bernard,Chauffeur,True
971,AGENT_00971,Paul Martin,Ripeur,True
972,AGENT_00972,Luc Robert,Ripeur,True
973,AGENT_00973,Thomas Bernard,Chauffeur,True
974,AGENT_00974,Jean Petit,Ripeur,True
975,AGENT_00975,Thomas Bernard,Ripeur,True
976,AGENT_00976,Nicolas Richard,Chauffeur,True
977,AGENT_00977,Marc Martin,Chauffeur,True
978,AGENT_00978,Julien Robert,Chauffeur,True
979,AGENT_00979,Nicolas Dubois,Chauffeur,True
980,AGENT_00980,Jean Petit,Superviseur,True
981,AGENT_00981,Thomas Petit,Superviseur,True
982,AGENT_00982,Marc Robert,Ripeur,True
983,AGENT_00983,Luc Richard,Superviseur,True
984,AGENT_00984,Nicolas Dubois,Superviseur,True
985,AGENT_00985,Paul Petit,Ripeur,True
986,AGENT_00986,Jean Bernard,Superviseur,True
987,AGENT_00987,Paul Dubois,Chauffeur,True
988,AGENT_00988,Julien Richard,Chauffeur,True
989,AGENT_00989,Nicolas Dubois,Chauffeur,True
990,AGENT_00990,Thomas Martin,Superviseur,True
991,AGENT_00991,Pierre Richard,Superviseur,True
992,AGENT_00992,Pierre Dubois,Chauffeur,True
993,AGENT_00993,Jean Martin,Superviseur,True
994,AGENT_00994,Nicolas Petit,Superviseur,True
995,AGENT_00995,Paul Richard,Ripeur,True
996,AGENT_00996,Pierre Robert,Ripeur,True
997,AGENT_00997,Jean Petit,Ripeur,True
998,AGENT_00998,Julien Bernard,Superviseur,True
999,AGENT_00999,Julien Dubois,Ripeur,True
1000,AGENT_01000,Thomas Martin,Ripeur,True
