agent_bk,firstname,lastname,role,is_active,etl_date
AGENT_00001,Luc,Dubois,Superviseur,True,2026-02-15 15:05:03.505510
AGENT_00002,Marc,Bernard,Chauffeur,True,2026-02-15 15:05:03.505510
AGENT_00003,Marc,Bernard,Superviseur,True,2026-02-15 15:05:03.505510
AGENT_00004,Jean,Dubois,Ripeur,True,2026-02-15 15:05:03.505510
AGENT_00005,Paul,Richard,Superviseur,True,2026-02-15 15:05:03.505510
AGENT_00006,Pierre,Petit,Superviseur,True,2026-02-15 15:05:03.505510
AGENT_00007,Julien,Bernard,Superviseur,True,2026-02-15 15:05:03.505510
AGENT_00008,Marc,Petit,Superviseur,True,2026-02-15 15:05:03.505510
AGENT_00009,Jean,Robert,Ripeur,True,2026-02-15 15:05:03.505510
AGENT_00010,Julien,Petit,Ripeur,True,2026-02-15 15:05:03.505510
AGENT_00011,Jean,Martin,Superviseur,True,2026-02-15 15:05:03.505510
AGENT_00012,Marc,Bernard,Superviseur,True,2026-02-15 15:05:03.505510
AGENT_00013,Nicolas,Bernard,Superviseur,True,2026-02-15 15:05:03.505510
AGENT_00014,Thomas,Richard,Superviseur,True,2026-02-15 15:05:03.505510
AGENT_00015,Pierre,Petit,Chauffeur,True,2026-02-15 15:05:03.505510
AGENT_00016,Marc,Robert,Chauffeur,True,2026-02-15 15:05:03.505510
AGENT_00017,Paul,Bernard,Chauffeur,True,2026-02-15 15:05:03.505510
AGENT_00018,Paul,Robert,Chauffeur,True,2026-02-15 15:05:03.505510
AGENT_00019,Julien,Dubois,Superviseur,True,2026-02-15 15:05:03.505510
AGENT_00020,Marc,Bernard,Chauffeur,True,2026-02-15 15:05:03.505510
AGENT_00021,Marc,Martin,Ripeur,True,2026-02-15 15:05:03.505510
AGENT_00022,Nicolas,Petit,Chauffeur,True,2026-02-15 15:05:03.505510
AGENT_00023,Jean,Bernard,Ripeur,True,2026-02-15 15:05:03.505510
AGENT_00024,Jean,Petit,Superviseur,True,2026-02-15 15:05:03.505510
AGENT_00025,Marc,Robert,Superviseur,True,2026-02-15 15:05:03.505510
AGENT_00026,Thomas,Martin,Superviseur,True,2026-02-15 15:05:03.505510
AGENT_00027,Thomas,Richard,Chauffeur,True,2026-02-15 15:05:03.505510
AGENT_00028,Luc,Richard,Chauffeur,True,2026-02-15 15:05:03.505510
AGENT_00029,Luc,Robert,Superviseur,True,2026-02-15 15:05:03.505510
AGENT_00030,Julien,Martin,Ripeur,True,2026-02-15 15:05:03.505510
AGENT_00031,Pierre,Bernard,Superviseur,True,2026-02-15 15:05:03.505510
AGENT_00032,Thomas,Dubois,Ripeur,True,2026-02-15 15:05:03.505510
AGENT_00033,Marc,Bernard,Superviseur,True,2026-02-15 15:05:03.505510
AGENT_00034,Nicolas,Richard,Superviseur,True,2026-02-15 15:05:03.505510
AGENT_00035,Jean,Martin,Superviseur,True,2026-02-15 15:05:03.505510
AGENT_00036,Thomas,Robert,Chauffeur,True,2026-02-15 15:05:03.505510
AGENT_00037,Pierre,Martin,Superviseur,True,2026-02-15 15:05:03.505510
AGENT_00038,Thomas,Robert,Chauffeur,True,2026-02-15 15:05:03.505510
AGENT_00039,Julien,Dubois,Superviseur,True,2026-02-15 15:05:03.505510
AGENT_00040,Marc,Martin,Superviseur,True,2026-02-15 15:05:03.505510
AGENT_00041,Thomas,Richard,Superviseur,True,2026-02-15 15:05:03.505510
AGENT_00042,Nicolas,Robert,Chauffeur,True,2026-02-15 15:05:03.505510
AGENT_00043,Marc,Petit,Chauffeur,True,2026-02-15 15:05:03.505510
AGENT_00044,Thomas,Richard,Chauffeur,True,2026-02-15 15:05:03.505510
AGENT_00045,Paul,Bernard,Superviseur,True,2026-02-15 15:05:03.505510
AGENT_00046,Jean,Petit,Chauffeur,True,2026-02-15 15:05:03.505510
AGENT_00047,Pierre,Petit,Superviseur,True,2026-02-15 15:05:03.505510
AGENT_00048,Pierre,Petit,Ripeur,True,2026-02-15 15:05:03.505510
AGENT_00049,Paul,Bernard,Superviseur,True,2026-02-15 15:05:03.505510
AGENT_00050,Julien,Petit,Chauffeur,True,2026-02-15 15:05:03.505510
AGENT_00051,Luc,Martin,Ripeur,True,2026-02-15 15:05:03.505510
AGENT_00052,Thomas,Martin,Chauffeur,True,2026-02-15 15:05:03.505510
AGENT_00053,Paul,Martin,Chauffeur,True,2026-02-15 15:05:03.505510
AGENT_00054,Marc,Richard,Chauffeur,True,2026-02-15 15:05:03.505510
AGENT_00055,Pierre,Dubois,Ripeur,True,2026-02-15 15:05:03.505510
AGENT_00056,Julien,Robert,Superviseur,True,2026-02-15 15:05:03.505510
AGENT_00057,Julien,Robert,Ripeur,True,2026-02-15 15:05:03.505510
AGENT_00058,Jean,Robert,Superviseur,True,2026-02-15 15:05:03.505510
AGENT_00059,Paul,Richard,Chauffeur,True,2026-02-15 15:05:03.505510
AGENT_00060,Paul,Petit,Superviseur,True,2026-02-15 15:05:03.505510
AGENT_00061,Jean,Petit,Chauffeur,True,2026-02-15 15:05:03.505510
AGENT_00062,Thomas,Richard,Chauffeur,True,2026-02-15 15:05:03.505510
AGENT_00063,Marc,Petit,Ripeur,True,2026-02-15 15:05:03.505510
AGENT_00064,Paul,Dubois,Ripeur,True,2026-02-15 15:05:03.505510
AGENT_00065,Julien,Robert,Superviseur,True,2026-02-15 15:05:03.505510
AGENT_00066,Jean,Robert,Chauffeur,True,2026-02-15 15:05:03.505510
AGENT_00067,Pierre,Bernard,Superviseur,True,2026-02-15 15:05:03.505510
AGENT_00068,Julien,Richard,Ripeur,True,2026-02-15 15:05:03.505510
AGENT_00069,Luc,Dubois,Superviseur,True,2026-02-15 15:05:03.505510
AGENT_00070,Thomas,Martin,Superviseur,True,2026-02-15 15:05:03.505510
AGENT_00071,Luc,Martin,Chauffeur,True,2026-02-15 15:05:03.505510
AGENT_00072,Jean,Richard,Superviseur,True,2026-02-15 15:05:03.505510
AGENT_00073,Julien,Richard,Superviseur,True,2026-02-15 15:05:03.505510
AGENT_00074,Paul,Dubois,Chauffeur,True,2026-02-15 15:05:03.505510
AGENT_00075,Thomas,Bernard,Ripeur,True,2026-02-15 15:05:03.505510
AGENT_00076,Luc,Bernard,Chauffeur,True,2026-02-15 15:05:03.505510
AGENT_00077,Pierre,Richard,Ripeur,True,2026-02-15 15:05:03.505510
AGENT_00078,Pierre,Martin,Chauffeur,True,2026-02-15 15:05:03.505510
AGENT_00079,Jean,Richard,Ripeur,True,2026-02-15 15:05:03.505510
AGENT_00080,Paul,Dubois,Superviseur,True,2026-02-15 15:05:03.505510
AGENT_00081,Paul,Dubois,Chauffeur,True,2026-02-15 15:05:03.505510
AGENT_00082,Pierre,Petit,Superviseur,True,2026-02-15 15:05:03.505510
AGENT_00083,Nicolas,Dubois,Ripeur,True,2026-02-15 15:05:03.505510
AGENT_00084,Luc,Petit,Superviseur,True,2026-02-15 15:05:03.505510
AGENT_00085,Pierre,Martin,Ripeur,True,2026-02-15 15:05:03.505510
AGENT_00086,Paul,Bernard,Ripeur,True,2026-02-15 15:05:03.505510
AGENT_00087,Nicolas,Robert,Ripeur,True,2026-02-15 15:05:03.505510
AGENT_00088,Marc,Petit,Superviseur,True,2026-02-15 15:05:03.505510
AGENT_00089,Luc,Richard,Superviseur,True,2026-02-15 15:05:03.505510
AGENT_00090,Thomas,Dubois,Ripeur,True,2026-02-15 15:05:03.505510
AGENT_00091,Luc,Martin,Ripeur,True,2026-02-15 15:05:03.505510
AGENT_00092,Pierre,Bernard,Superviseur,True,2026-02-15 15:05:03.505510
AGENT_00093,Julien,Dubois,Ripeur,True,2026-02-15 15:05:03.505510
AGENT_00094,Luc,Petit,Superviseur,True,2026-02-15 15:05:03.505510
AGENT_00095,Thomas,Robert,Ripeur,True,2026-02-15 15:05:03.505510
AGENT_00096,Nicolas,Dubois,Ripeur,True,2026-02-15 15:05:03.505510
AGENT_00097,Nicolas,Richard,Chauffeur,True,2026-02-15 15:05:03.505510
AGENT_00098,Luc,Petit,Superviseur,True,2026-02-15 15:05:03.505510
AGENT_00099,Paul,Dubois,Chauffeur,True,2026-02-15 15:05:03.505510
AGENT_00100,Pierre,Dubois,Superviseur,True,2026-02-15 15:05:03.505510
AGENT_00101,Paul,Petit,Chauffeur,True,2026-02-15 15:05:03.505510
AGENT_00102,Jean,Richard,Superviseur,True,2026-02-15 15:05:03.505510
AGENT_00103,Jean,Richard,Superviseur,True,2026-02-15 15:05:03.505510
AGENT_00104,Julien,Richard,Chauffeur,True,2026-02-15 15:05:03.505510
AGENT_00105,Jean,Richard,Ripeur,True,2026-02-15 15:05:03.505510
AGENT_00106,Nicolas,Petit,Chauffeur,True,2026-02-15 15:05:03.505510
AGENT_00107,Thomas,Robert,Chauffeur,True,2026-02-15 15:05:03.505510
AGENT_00108,Marc,Bernard,Ripeur,True,2026-02-15 15:05:03.505510
AGENT_00109,Paul,Robert,Ripeur,True,2026-02-15 15:05:03.505510
AGENT_00110,Jean,Petit,Chauffeur,True,2026-02-15 15:05:03.505510
AGENT_00111,Luc,Richard,Chauffeur,True,2026-02-15 15:05:03.505510
AGENT_00112,Nicolas,Bernard,Chauffeur,True,2026-02-15 15:05:03.505510
AGENT_00113,Luc,Petit,Superviseur,True,2026-02-15 15:05:03.505510
AGENT_00114,Nicolas,Dubois,Chauffeur,True,2026-02-15 15:05:03.505510
AGENT_00115,Pierre,Robert,Chauffeur,True,2026-02-15 15:05:03.505510
AGENT_00116,Paul,Dubois,Ripeur,True,2026-02-15 15:05:03.505510
AGENT_00117,Pierre,Martin,Superviseur,True,2026-02-15 15:05:03.505510
AGENT_00118,Pierre,Richard,Ripeur,True,2026-02-15 15:05:03.505510
AGENT_00119,Julien,Robert,Ripeur,True,2026-02-15 15:05:03.505510
AGENT_00120,Jean,Martin,Superviseur,True,2026-02-15 15:05:03.505510
AGENT_00121,Thomas,Martin,Superviseur,True,2026-02-15 15:05:03.505510
AGENT_00122,Marc,Petit,Ripeur,True,2026-02-15 15:05:03.505510
AGENT_00123,Luc,Robert,Superviseur,True,2026-02-15 15:05:03.505510
AGENT_00124,Julien,Dubois,Superviseur,True,2026-02-15 15:05:03.505510
AGENT_00125,Paul,Richard,Ripeur,True,2026-02-15 15:05:03.505510
AGENT_00126,Julien,Bernard,Superviseur,True,2026-02-15 15:05:03.505510
AGENT_00127,Julien,Dubois,Ripeur,True,2026-02-15 15:05:03.505510
AGENT_00128,Nicolas,Robert,Superviseur,True,2026-02-15 15:05:03.505510
AGENT_00129,Jean,Richard,Chauffeur,True,2026-02-15 15:05:03.505510
AGENT_00130,Nicolas,Bernard,Chauffeur,True,2026-02-15 15:05:03.505510
AGENT_00131,Paul,Richard,Superviseur,True,2026-02-15 15:05:03.505510
AGENT_00132,Marc,Bernard,Chauffeur,True,2026-02-15 15:05:03.505510
AGENT_00133,Luc,Bernard,Ripeur,True,2026-02-15 15:05:03.505510
AGENT_00134,Paul,Petit,Chauffeur,True,2026-02-15 15:05:03.505510
AGENT_00135,Julien,Dubois,Superviseur,True,2026-02-15 15:05:03.505510
AGENT_00136,Paul,Robert,Superviseur,True,2026-02-15 15:05:03.505510
AGENT_00137,Nicolas,Robert,Chauffeur,True,2026-02-15 15:05:03.505510
AGENT_00138,Luc,Petit,Ripeur,True,2026-02-15 15:05:03.505510
AGENT_00139,Jean,Bernard,Chauffeur,True,2026-02-15 15:05:03.505510
AGENT_00140,Luc,Richard,Superviseur,True,2026-02-15 15:05:03.505510
AGENT_00141,Luc,Bernard,Superviseur,True,2026-02-15 15:05:03.505510
AGENT_00142,Jean,Richard,Chauffeur,True,2026-02-15 15:05:03.505510
AGENT_00143,Jean,Bernard,Ripeur,True,2026-02-15 15:05:03.505510
AGENT_00144,Luc,Richard,Ripeur,True,2026-02-15 15:05:03.505510
AGENT_00145,Jean,Petit,Superviseur,True,2026-02-15 15:05:03.505510
AGENT_00146,Marc,Martin,Chauffeur,True,2026-02-15 15:05:03.505510
AGENT_00147,Nicolas,Richard,Ripeur,True,2026-02-15 15:05:03.505510
AGENT_00148,Nicolas,Bernard,Chauffeur,True,2026-02-15 15:05:03.505510
AGENT_00149,Julien,Richard,Chauffeur,True,2026-02-15 15:05:03.505510
AGENT_00150,Luc,Richard,Superviseur,True,2026-02-15 15:05:03.505510
AGENT_00151,Marc,Bernard,Superviseur,True,2026-02-15 15:05:03.505510
AGENT_00152,Thomas,Robert,Superviseur,True,2026-02-15 15:05:03.505510
AGENT_00153,Paul,Bernard,Ripeur,True,2026-02-15 15:05:03.505510
AGENT_00154,Julien,Bernard,Chauffeur,True,2026-02-15 15:05:03.505510
AGENT_00155,Jean,Bernard,Superviseur,True,2026-02-15 15:05:03.505510
AGENT_00156,Julien,Bernard,Superviseur,True,2026-02-15 15:05:03.505510
AGENT_00157,Paul,Bernard,Ripeur,True,2026-02-15 15:05:03.505510
AGENT_00158,Jean,Richard,Superviseur,True,2026-02-15 15:05:03.505510
AGENT_00159,Paul,Martin,Ripeur,True,2026-02-15 15:05:03.505510
AGENT_00160,Luc,Richard,Superviseur,True,2026-02-15 15:05:03.505510
AGENT_00161,Jean,Petit,Superviseur,True,2026-02-15 15:05:03.505510
AGENT_00162,Julien,Richard,Ripeur,True,2026-02-15 15:05:03.505510
AGENT_00163,Thomas,Martin,Superviseur,True,2026-02-15 15:05:03.505510
AGENT_00164,Julien,Bernard,Ripeur,True,2026-02-15 15:05:03.505510
AGENT_00165,Julien,Dubois,Superviseur,True,2026-02-15 15:05:03.505510
AGENT_00166,Paul,Robert,Chauffeur,True,2026-02-15 15:05:03.505510
AGENT_00167,Marc,Robert,Chauffeur,True,2026-02-15 15:05:03.505510
AGENT_00168,Paul,Dubois,Superviseur,True,2026-02-15 15:05:03.505510
AGENT_00169,Julien,Dubois,Chauffeur,True,2026-02-15 15:05:03.505510
AGENT_00170,Jean,Petit,Superviseur,True,2026-02-15 15:05:03.505510
AGENT_00171,Jean,Richard,Superviseur,True,2026-02-15 15:05:03.505510
AGENT_00172,Paul,Richard,Chauffeur,True,2026-02-15 15:05:03.505510
AGENT_00173,Julien,Petit,Chauffeur,True,2026-02-15 15:05:03.505510
AGENT_00174,Thomas,Robert,Ripeur,True,2026-02-15 15:05:03.505510
AGENT_00175,Paul,Bernard,Ripeur,True,2026-02-15 15:05:03.505510
AGENT_00176,Marc,Dubois,Superviseur,True,2026-02-15 15:05:03.505510
AGENT_00177,Julien,Richard,Ripeur,True,2026-02-15 15:05:03.505510
AGENT_00178,Marc,Petit,Ripeur,True,2026-02-15 15:05:03.505510
AGENT_00179,Pierre,Robert,Superviseur,True,2026-02-15 15:05:03.505510
AGENT_00180,Nicolas,Bernard,Ripeur,True,2026-02-15 15:05:03.505510
AGENT_00181,Nicolas,Dubois,Ripeur,True,2026-02-15 15:05:03.505510
AGENT_00182,Thomas,Petit,Ripeur,True,2026-02-15 15:05:03.505510
AGENT_00183,Luc,Petit,Chauffeur,True,2026-02-15 15:05:03.505510
AGENT_00184,Pierre,Robert,Superviseur,True,2026-02-15 15:05:03.505510
AGENT_00185,Luc,Martin,Chauffeur,True,2026-02-15 15:05:03.505510
AGENT_00186,Julien,Dubois,Superviseur,True,2026-02-15 15:05:03.505510
AGENT_00187,Jean,Bernard,Ripeur,True,2026-02-15 15:05:03.505510
AGENT_00188,Jean,Martin,Chauffeur,True,2026-02-15 15:05:03.505510
AGENT_00189,Nicolas,Richard,Ripeur,True,2026-02-15 15:05:03.505510
AGENT_00190,Paul,Martin,Ripeur,True,2026-02-15 15:05:03.505510
AGENT_00191,Pierre,Dubois,Chauffeur,True,2026-02-15 15:05:03.505510
AGENT_00192,Jean,Petit,Ripeur,True,2026-02-15 15:05:03.505510
AGENT_00193,Julien,Richard,Superviseur,True,2026-02-15 15:05:03.505510
AGENT_00194,Marc,Petit,Superviseur,True,2026-02-15 15:05:03.505510
AGENT_00195,Jean,Bernard,Superviseur,True,2026-02-15 15:05:03.505510
AGENT_00196,Nicolas,Robert,Chauffeur,True,2026-02-15 15:05:03.505510
AGENT_00197,Pierre,Petit,Superviseur,True,2026-02-15 15:05:03.505510
AGENT_00198,Marc,Bernard,Chauffeur,True,2026-02-15 15:05:03.505510
AGENT_00199,Pierre,Richard,Chauffeur,True,2026-02-15 15:05:03.505510
AGENT_00200,Jean,Dubois,Chauffeur,True,2026-02-15 15:05:03.505510
AGENT_00201,Jean,Bernard,Chauffeur,True,2026-02-15 15:05:03.505510
AGENT_00202,Marc,Robert,Ripeur,True,2026-02-15 15:05:03.505510
AGENT_00203,Julien,Robert,Superviseur,True,2026-02-15 15:05:03.505510
AGENT_00204,Pierre,Richard,Chauffeur,True,2026-02-15 15:05:03.505510
AGENT_00205,Paul,Martin,Superviseur,True,2026-02-15 15:05:03.505510
AGENT_00206,Marc,Petit,Superviseur,True,2026-02-15 15:05:03.505510
AGENT_00207,Thomas,Dubois,Ripeur,True,2026-02-15 15:05:03.505510
AGENT_00208,Pierre,Richard,Chauffeur,True,2026-02-15 15:05:03.505510
AGENT_00209,Nicolas,Robert,Superviseur,True,2026-02-15 15:05:03.505510
AGENT_00210,Jean,Dubois,Chauffeur,True,2026-02-15 15:05:03.505510
AGENT_00211,Julien,Richard,Chauffeur,True,2026-02-15 15:05:03.505510
AGENT_00212,Paul,Richard,Ripeur,True,2026-02-15 15:05:03.505510
AGENT_00213,Thomas,Martin,Superviseur,True,2026-02-15 15:05:03.505510
AGENT_00214,Marc,Richard,Superviseur,True,2026-02-15 15:05:03.505510
AGENT_00215,Marc,Petit,Ripeur,True,2026-02-15 15:05:03.505510
AGENT_00216,Julien,Richard,Ripeur,True,2026-02-15 15:05:03.505510
AGENT_00217,Pierre,Dubois,Ripeur,True,2026-02-15 15:05:03.505510
AGENT_00218,Nicolas,Richard,Chauffeur,True,2026-02-15 15:05:03.505510
AGENT_00219,Nicolas,Martin,Ripeur,True,2026-02-15 15:05:03.505510
AGENT_00220,Paul,Robert,Superviseur,True,2026-02-15 15:05:03.505510
AGENT_00221,Pierre,Petit,Superviseur,True,2026-02-15 15:05:03.505510
AGENT_00222,Pierre,Dubois,Ripeur,True,2026-02-15 15:05:03.505510
AGENT_00223,Thomas,Richard,Superviseur,True,2026-02-15 15:05:03.505510
AGENT_00224,Jean,Petit,Ripeur,True,2026-02-15 15:05:03.505510
AGENT_00225,Pierre,Dubois,Chauffeur,True,2026-02-15 15:05:03.505510
AGENT_00226,Julien,Petit,Superviseur,True,2026-02-15 15:05:03.505510
AGENT_00227,Thomas,Martin,Superviseur,True,2026-02-15 15:05:03.505510
AGENT_00228,Luc,Robert,Ripeur,True,2026-02-15 15:05:03.505510
AGENT_00229,Thomas,Bernard,Superviseur,True,2026-02-15 15:05:03.505510
AGENT_00230,Marc,Bernard,Superviseur,True,2026-02-15 15:05:03.505510
AGENT_00231,Pierre,Robert,Superviseur,True,2026-02-15 15:05:03.505510
AGENT_00232,Pierre,Bernard,Superviseur,True,2026-02-15 15:05:03.505510
AGENT_00233,Pierre,Dubois,Chauffeur,True,2026-02-15 15:05:03.505510
AGENT_00234,Pierre,Bernard,Chauffeur,True,2026-02-15 15:05:03.505510
AGENT_00235,Thomas,Bernard,Chauffeur,True,2026-02-15 15:05:03.505510
AGENT_00236,Paul,Martin,Superviseur,True,2026-02-15 15:05:03.505510
AGENT_00237,Nicolas,Richard,Chauffeur,True,2026-02-15 15:05:03.505510
AGENT_00238,Jean,Robert,Ripeur,True,2026-02-15 15:05:03.505510
AGENT_00239,Thomas,Robert,Superviseur,True,2026-02-15 15:05:03.505510
AGENT_00240,Marc,Robert,Chauffeur,True,2026-02-15 15:05:03.505510
AGENT_00241,Marc,Robert,Chauffeur,True,2026-02-15 15:05:03.505510
AGENT_00242,Luc,Martin,Superviseur,True,2026-02-15 15:05:03.505510
AGENT_00243,Julien,Robert,Superviseur,True,2026-02-15 15:05:03.505510
AGENT_00244,Jean,Richard,Ripeur,True,2026-02-15 15:05:03.505510
AGENT_00245,Julien,Petit,Chauffeur,True,2026-02-15 15:05:03.505510
AGENT_00246,Nicolas,Martin,Superviseur,True,2026-02-15 15:05:03.505510
AGENT_00247,Nicolas,Dubois,Superviseur,True,2026-02-15 15:05:03.505510
AGENT_00248,Jean,Martin,Superviseur,True,2026-02-15 15:05:03.505510
AGENT_00249,Pierre,Robert,Superviseur,True,2026-02-15 15:05:03.505510
AGENT_00250,Paul,Dubois,Ripeur,True,2026-02-15 15:05:03.505510
AGENT_00251,Marc,Bernard,Superviseur,True,2026-02-15 15:05:03.505510
AGENT_00252,Marc,Bernard,Ripeur,True,2026-02-15 15:05:03.505510
AGENT_00253,Nicolas,Richard,Ripeur,True,2026-02-15 15:05:03.505510
AGENT_00254,Thomas,Bernard,Ripeur,True,2026-02-15 15:05:03.505510
AGENT_00255,Julien,Bernard,Ripeur,True,2026-02-15 15:05:03.505510
AGENT_00256,Thomas,Dubois,Ripeur,True,2026-02-15 15:05:03.505510
AGENT_00257,Marc,Robert,Chauffeur,True,2026-02-15 15:05:03.505510
AGENT_00258,Luc,Richard,Superviseur,True,2026-02-15 15:05:03.505510
AGENT_00259,Pierre,Martin,Superviseur,True,2026-02-15 15:05:03.505510
AGENT_00260,Marc,Bernard,Superviseur,True,2026-02-15 15:05:03.505510
AGENT_00261,Julien,Robert,Chauffeur,True,2026-02-15 15:05:03.505510
AGENT_00262,Luc,Petit,Chauffeur,True,2026-02-15 15:05:03.505510
AGENT_00263,Nicolas,Martin,Chauffeur,True,2026-02-15 15:05:03.505510
AGENT_00264,Julien,Robert,Chauffeur,True,2026-02-15 15:05:03.505510
AGENT_00265,Thomas,Robert,Ripeur,True,2026-02-15 15:05:03.505510
AGENT_00266,Marc,Richard,Superviseur,True,2026-02-15 15:05:03.505510
AGENT_00267,Jean,Robert,Chauffeur,True,2026-02-15 15:05:03.505510
AGENT_00268,Luc,Martin,Chauffeur,True,2026-02-15 15:05:03.505510
AGENT_00269,Marc,Robert,Superviseur,True,2026-02-15 15:05:03.505510
AGENT_00270,Paul,Robert,Superviseur,True,2026-02-15 15:05:03.505510
AGENT_00271,Thomas,Dubois,Ripeur,True,2026-02-15 15:05:03.505510
AGENT_00272,Thomas,Richard,Superviseur,True,2026-02-15 15:05:03.505510
AGENT_00273,Marc,Dubois,Chauffeur,True,2026-02-15 15:05:03.505510
AGENT_00274,Julien,Martin,Ripeur,True,2026-02-15 15:05:03.505510
AGENT_00275,Pierre,Richard,Superviseur,True,2026-02-15 15:05:03.505510
AGENT_00276,Luc,Dubois,Ripeur,True,2026-02-15 15:05:03.505510
AGENT_00277,Thomas,Petit,Superviseur,True,2026-02-15 15:05:03.505510
AGENT_00278,Nicolas,Petit,Ripeur,True,2026-02-15 15:05:03.505510
AGENT_00279,Paul,Robert,Superviseur,True,2026-02-15 15:05:03.505510
AGENT_00280,Marc,Robert,Superviseur,True,2026-02-15 15:05:03.505510
AGENT_00281,Luc,Bernard,Superviseur,True,2026-02-15 15:05:03.505510
AGENT_00282,Thomas,Robert,Superviseur,True,2026-02-15 15:05:03.505510
AGENT_00283,Julien,Martin,Chauffeur,True,2026-02-15 15:05:03.505510
AGENT_00284,Luc,Dubois,Chauffeur,True,2026-02-15 15:05:03.505510
AGENT_00285,Thomas,Dubois,Superviseur,True,2026-02-15 15:05:03.505510
AGENT_00286,Marc,Petit,Ripeur,True,2026-02-15 15:05:03.505510
AGENT_00287,Julien,Dubois,Ripeur,True,2026-02-15 15:05:03.505510
AGENT_00288,Thomas,Petit,Superviseur,True,2026-02-15 15:05:03.505510
AGENT_00289,Nicolas,Robert,Chauffeur,True,2026-02-15 15:05:03.505510
AGENT_00290,Luc,Martin,Chauffeur,True,2026-02-15 15:05:03.505510
AGENT_00291,Pierre,Petit,Ripeur,True,2026-02-15 15:05:03.505510
AGENT_00292,Paul,Bernard,Chauffeur,True,2026-02-15 15:05:03.505510
AGENT_00293,Julien,Martin,Chauffeur,True,2026-02-15 15:05:03.505510
AGENT_00294,Paul,Robert,Superviseur,True,2026-02-15 15:05:03.505510
AGENT_00295,Jean,Martin,Ripeur,True,2026-02-15 15:05:03.505510
AGENT_00296,Paul,Martin,Ripeur,True,2026-02-15 15:05:03.505510
AGENT_00297,Luc,Martin,Superviseur,True,2026-02-15 15:05:03.505510
AGENT_00298,Julien,Dubois,Chauffeur,True,2026-02-15 15:05:03.505510
AGENT_00299,Pierre,Petit,Ripeur,True,2026-02-15 15:05:03.505510
AGENT_00300,Nicolas,Petit,Chauffeur,True,2026-02-15 15:05:03.505510
AGENT_00301,Luc,Richard,Chauffeur,True,2026-02-15 15:05:03.505510
AGENT_00302,Jean,Martin,Superviseur,True,2026-02-15 15:05:03.505510
AGENT_00303,Thomas,Dubois,Ripeur,True,2026-02-15 15:05:03.505510
AGENT_00304,Nicolas,Richard,Ripeur,True,2026-02-15 15:05:03.505510
AGENT_00305,Nicolas,Bernard,Superviseur,True,2026-02-15 15:05:03.505510
AGENT_00306,Luc,Richard,Superviseur,True,2026-02-15 15:05:03.505510
AGENT_00307,Nicolas,Petit,Superviseur,True,2026-02-15 15:05:03.505510
AGENT_00308,Julien,Richard,Superviseur,True,2026-02-15 15:05:03.505510
AGENT_00309,Marc,Dubois,Ripeur,True,2026-02-15 15:05:03.505510
AGENT_00310,Pierre,Martin,Ripeur,True,2026-02-15 15:05:03.505510
AGENT_00311,Marc,Dubois,Ripeur,True,2026-02-15 15:05:03.505510
AGENT_00312,Marc,Bernard,Ripeur,True,2026-02-15 15:05:03.505510
AGENT_00313,Jean,Martin,Superviseur,True,2026-02-15 15:05:03.505510
AGENT_00314,Luc,Dubois,Ripeur,True,2026-02-15 15:05:03.505510
AGENT_00315,Nicolas,Richard,Chauffeur,True,2026-02-15 15:05:03.505510
AGENT_00316,Nicolas,Robert,Ripeur,True,2026-02-15 15:05:03.505510
AGENT_00317,Jean,Robert,Ripeur,True,2026-02-15 15:05:03.505510
AGENT_00318,Pierre,Martin,Superviseur,True,2026-02-15 15:05:03.505510
AGENT_00319,Thomas,Bernard,Ripeur,True,2026-02-15 15:05:03.505510
AGENT_00320,Julien,Robert,Chauffeur,True,2026-02-15 15:05:03.505510
AGENT_00321,Luc,Petit,Superviseur,True,2026-02-15 15:05:03.505510
AGENT_00322,Julien,Robert,Chauffeur,True,2026-02-15 15:05:03.505510
AGENT_00323,Marc,Martin,Ripeur,True,2026-02-15 15:05:03.505510
AGENT_00324,Pierre,Richard,Superviseur,True,2026-02-15 15:05:03.505510
AGENT_00325,Marc,Dubois,Superviseur,True,2026-02-15 15:05:03.505510
AGENT_00326,Marc,Robert,Chauffeur,True,2026-02-15 15:05:03.505510
AGENT_00327,Paul,Bernard,Chauffeur,True,2026-02-15 15:05:03.505510
AGENT_00328,Marc,Martin,Superviseur,True,2026-02-15 15:05:03.505510
AGENT_00329,Nicolas,Richard,Ripeur,True,2026-02-15 15:05:03.505510
AGENT_00330,Marc,Petit,Superviseur,True,2026-02-15 15:05:03.505510
AGENT_00331,Nicolas,Bernard,Ripeur,True,2026-02-15 15:05:03.505510
AGENT_00332,Jean,Bernard,Chauffeur,True,2026-02-15 15:05:03.505510
AGENT_00333,Jean,Bernard,Chauffeur,True,2026-02-15 15:05:03.505510
AGENT_00334,Marc,Dubois,Chauffeur,True,2026-02-15 15:05:03.505510
AGENT_00335,Nicolas,Petit,Chauffeur,True,2026-02-15 15:05:03.505510
AGENT_00336,Pierre,Martin,Chauffeur,True,2026-02-15 15:05:03.505510
AGENT_00337,Jean,Robert,Chauffeur,True,2026-02-15 15:05:03.505510
AGENT_00338,Thomas,Robert,Ripeur,True,2026-02-15 15:05:03.505510
AGENT_00339,Nicolas,Dubois,Ripeur,True,2026-02-15 15:05:03.505510
AGENT_00340,Jean,Dubois,Chauffeur,True,2026-02-15 15:05:03.505510
AGENT_00341,Luc,Martin,Ripeur,True,2026-02-15 15:05:03.505510
AGENT_00342,Julien,Martin,Superviseur,True,2026-02-15 15:05:03.505510
AGENT_00343,Nicolas,Bernard,Chauffeur,True,2026-02-15 15:05:03.505510
AGENT_00344,Marc,Robert,Chauffeur,True,2026-02-15 15:05:03.505510
AGENT_00345,Paul,Petit,Chauffeur,True,2026-02-15 15:05:03.505510
AGENT_00346,Julien,Robert,Chauffeur,True,2026-02-15 15:05:03.505510
AGENT_00347,Jean,Bernard,Ripeur,True,2026-02-15 15:05:03.505510
AGENT_00348,Paul,Richard,Superviseur,True,2026-02-15 15:05:03.505510
AGENT_00349,Pierre,Robert,Ripeur,True,2026-02-15 15:05:03.505510
AGENT_00350,Marc,Dubois,Chauffeur,True,2026-02-15 15:05:03.505510
AGENT_00351,Jean,Petit,Superviseur,True,2026-02-15 15:05:03.505510
AGENT_00352,Paul,Dubois,Ripeur,True,2026-02-15 15:05:03.505510
AGENT_00353,Marc,Bernard,Ripeur,True,2026-02-15 15:05:03.505510
AGENT_00354,Jean,Petit,Chauffeur,True,2026-02-15 15:05:03.505510
AGENT_00355,Paul,Bernard,Superviseur,True,2026-02-15 15:05:03.505510
AGENT_00356,Julien,Dubois,Chauffeur,True,2026-02-15 15:05:03.505510
AGENT_00357,Luc,Dubois,Superviseur,True,2026-02-15 15:05:03.505510
AGENT_00358,Paul,Robert,Chauffeur,True,2026-02-15 15:05:03.505510
AGENT_00359,Jean,Martin,Superviseur,True,2026-02-15 15:05:03.505510
AGENT_00360,Nicolas,Petit,Superviseur,True,2026-02-15 15:05:03.505510
AGENT_00361,Luc,Dubois,Chauffeur,True,2026-02-15 15:05:03.505510
AGENT_00362,Pierre,Bernard,Ripeur,True,2026-02-15 15:05:03.505510
AGENT_00363,Paul,Petit,Superviseur,True,2026-02-15 15:05:03.505510
AGENT_00364,Thomas,Petit,Chauffeur,True,2026-02-15 15:05:03.505510
AGENT_00365,Jean,Dubois,Superviseur,True,2026-02-15 15:05:03.505510
AGENT_00366,Luc,Petit,Superviseur,True,2026-02-15 15:05:03.505510
AGENT_00367,Paul,Bernard,Ripeur,True,2026-02-15 15:05:03.505510
AGENT_00368,Pierre,Dubois,Superviseur,True,2026-02-15 15:05:03.505510
AGENT_00369,Thomas,Robert,Superviseur,True,2026-02-15 15:05:03.505510
AGENT_00370,Pierre,Martin,Superviseur,True,2026-02-15 15:05:03.505510
AGENT_00371,Julien,Dubois,Superviseur,True,2026-02-15 15:05:03.505510
AGENT_00372,Luc,Dubois,Chauffeur,True,2026-02-15 15:05:03.505510
AGENT_00373,Nicolas,Petit,Ripeur,True,2026-02-15 15:05:03.505510
AGENT_00374,Marc,Richard,Superviseur,True,2026-02-15 15:05:03.505510
AGENT_00375,Nicolas,Bernard,Superviseur,True,2026-02-15 15:05:03.505510
AGENT_00376,Luc,Richard,Ripeur,True,2026-02-15 15:05:03.505510
AGENT_00377,Thomas,Petit,Ripeur,True,2026-02-15 15:05:03.505510
AGENT_00378,Marc,Richard,Superviseur,True,2026-02-15 15:05:03.505510
AGENT_00379,Luc,Martin,Superviseur,True,2026-02-15 15:05:03.505510
AGENT_00380,Luc,Robert,Ripeur,True,2026-02-15 15:05:03.505510
AGENT_00381,Marc,Richard,Ripeur,True,2026-02-15 15:05:03.505510
AGENT_00382,Nicolas,Martin,Superviseur,True,2026-02-15 15:05:03.505510
AGENT_00383,Julien,Petit,Chauffeur,True,2026-02-15 15:05:03.505510
AGENT_00384,Jean,Richard,Ripeur,True,2026-02-15 15:05:03.505510
AGENT_00385,Pierre,Dubois,Superviseur,True,2026-02-15 15:05:03.505510
AGENT_00386,Paul,Petit,Superviseur,True,2026-02-15 15:05:03.505510
AGENT_00387,Julien,Bernard,Superviseur,True,2026-02-15 15:05:03.505510
AGENT_00388,Nicolas,Richard,Chauffeur,True,2026-02-15 15:05:03.505510
AGENT_00389,Marc,Dubois,Ripeur,True,2026-02-15 15:05:03.505510
AGENT_00390,Thomas,Martin,Chauffeur,True,2026-02-15 15:05:03.505510
AGENT_00391,Paul,Martin,Chauffeur,True,2026-02-15 15:05:03.505510
AGENT_00392,Luc,Martin,Chauffeur,True,2026-02-15 15:05:03.505510
AGENT_00393,Paul,Robert,Chauffeur,True,2026-02-15 15:05:03.505510
AGENT_00394,Paul,Martin,Superviseur,True,2026-02-15 15:05:03.505510
AGENT_00395,Julien,Petit,Ripeur,True,2026-02-15 15:05:03.505510
AGENT_00396,Marc,Martin,Ripeur,True,2026-02-15 15:05:03.505510
AGENT_00397,Pierre,Richard,Superviseur,True,2026-02-15 15:05:03.505510
AGENT_00398,Paul,Martin,Chauffeur,True,2026-02-15 15:05:03.505510
AGENT_00399,Nicolas,Martin,Ripeur,True,2026-02-15 15:05:03.505510
AGENT_00400,Jean,Dubois,Superviseur,True,2026-02-15 15:05:03.505510
AGENT_00401,Julien,Dubois,Superviseur,True,2026-02-15 15:05:03.505510
AGENT_00402,Jean,Richard,Ripeur,True,2026-02-15 15:05:03.505510
AGENT_00403,Jean,Petit,Chauffeur,True,2026-02-15 15:05:03.505510
AGENT_00404,Marc,Martin,Chauffeur,True,2026-02-15 15:05:03.505510
AGENT_00405,Paul,Martin,Superviseur,True,2026-02-15 15:05:03.505510
AGENT_00406,Pierre,Richard,Ripeur,True,2026-02-15 15:05:03.505510
AGENT_00407,Pierre,Bernard,Superviseur,True,2026-02-15 15:05:03.505510
AGENT_00408,Pierre,Richard,Superviseur,True,2026-02-15 15:05:03.505510
AGENT_00409,Luc,Richard,Superviseur,True,2026-02-15 15:05:03.505510
AGENT_00410,Julien,Petit,Chauffeur,True,2026-02-15 15:05:03.505510
AGENT_00411,Thomas,Petit,Ripeur,True,2026-02-15 15:05:03.505510
AGENT_00412,Julien,Martin,Chauffeur,True,2026-02-15 15:05:03.505510
AGENT_00413,Luc,Richard,Ripeur,True,2026-02-15 15:05:03.505510
AGENT_00414,Thomas,Petit,Chauffeur,True,2026-02-15 15:05:03.505510
AGENT_00415,Nicolas,Dubois,Ripeur,True,2026-02-15 15:05:03.505510
AGENT_00416,Thomas,Dubois,Ripeur,True,2026-02-15 15:05:03.505510
AGENT_00417,Julien,Petit,Ripeur,True,2026-02-15 15:05:03.505510
AGENT_00418,Pierre,Richard,Superviseur,True,2026-02-15 15:05:03.505510
AGENT_00419,Pierre,Robert,Superviseur,True,2026-02-15 15:05:03.505510
AGENT_00420,Marc,Dubois,Ripeur,True,2026-02-15 15:05:03.505510
AGENT_00421,Nicolas,Robert,Chauffeur,True,2026-02-15 15:05:03.505510
AGENT_00422,Jean,Dubois,Superviseur,True,2026-02-15 15:05:03.505510
AGENT_00423,Jean,Richard,Chauffeur,True,2026-02-15 15:05:03.505510
AGENT_00424,Marc,Martin,Ripeur,True,2026-02-15 15:05:03.505510
AGENT_00425,Pierre,Bernard,Ripeur,True,2026-02-15 15:05:03.505510
AGENT_00426,Jean,Petit,Ripeur,True,2026-02-15 15:05:03.505510
AGENT_00427,Luc,Martin,Chauffeur,True,2026-02-15 15:05:03.505510
AGENT_00428,Nicolas,Dubois,Chauffeur,True,2026-02-15 15:05:03.505510
AGENT_00429,Luc,Dubois,Ripeur,True,2026-02-15 15:05:03.505510
AGENT_00430,Pierre,Bernard,Ripeur,True,2026-02-15 15:05:03.505510
AGENT_00431,Marc,Martin,Superviseur,True,2026-02-15 15:05:03.505510
AGENT_00432,Julien,Richard,Chauffeur,True,2026-02-15 15:05:03.505510
AGENT_00433,Paul,Petit,Ripeur,True,2026-02-15 15:05:03.505510
AGENT_00434,Nicolas,Bernard,Ripeur,True,2026-02-15 15:05:03.505510
AGENT_00435,Paul,Richard,Superviseur,True,2026-02-15 15:05:03.505510
AGENT_00436,Marc,Martin,Superviseur,True,2026-02-15 15:05:03.505510
AGENT_00437,Julien,Martin,Chauffeur,True,2026-02-15 15:05:03.505510
AGENT_00438,Thomas,Dubois,Ripeur,True,2026-02-15 15:05:03.505510
AGENT_00439,Julien,Martin,Chauffeur,True,2026-02-15 15:05:03.505510
AGENT_00440,Jean,Petit,Superviseur,True,2026-02-15 15:05:03.505510
AGENT_00441,Julien,Martin,Ripeur,True,2026-02-15 15:05:03.505510
AGENT_00442,Jean,Dubois,Superviseur,True,2026-02-15 15:05:03.505510
AGENT_00443,Luc,Dubois,Superviseur,True,2026-02-15 15:05:03.505510
AGENT_00444,Pierre,Bernard,Chauffeur,True,2026-02-15 15:05:03.505510
AGENT_00445,Julien,Robert,Superviseur,True,2026-02-15 15:05:03.505510
AGENT_00446,Paul,Bernard,Ripeur,True,2026-02-15 15:05:03.505510
AGENT_00447,Marc,Robert,Chauffeur,True,2026-02-15 15:05:03.505510
AGENT_00448,Luc,Dubois,Chauffeur,True,2026-02-15 15:05:03.505510
AGENT_00449,Nicolas,Richard,Superviseur,True,2026-02-15 15:05:03.505510
AGENT_00450,Jean,Richard,Ripeur,True,2026-02-15 15:05:03.505510
AGENT_00451,Marc,Martin,Ripeur,True,2026-02-15 15:05:03.505510
AGENT_00452,Julien,Petit,Chauffeur,True,2026-02-15 15:05:03.505510
AGENT_00453,Luc,Robert,Superviseur,True,2026-02-15 15:05:03.505510
AGENT_00454,Pierre,Robert,Ripeur,True,2026-02-15 15:05:03.505510
AGENT_00455,Pierre,Richard,Superviseur,True,2026-02-15 15:05:03.505510
AGENT_00456,Pierre,Bernard,Chauffeur,True,2026-02-15 15:05:03.505510
AGENT_00457,Marc,Robert,Ripeur,True,2026-02-15 15:05:03.505510
AGENT_00458,Paul,Martin,Superviseur,True,2026-02-15 15:05:03.505510
AGENT_00459,Julien,Robert,Ripeur,True,2026-02-15 15:05:03.505510
AGENT_00460,Thomas,Bernard,Ripeur,True,2026-02-15 15:05:03.505510
AGENT_00461,Thomas,Richard,Superviseur,True,2026-02-15 15:05:03.505510
AGENT_00462,Jean,Dubois,Chauffeur,True,2026-02-15 15:05:03.505510
AGENT_00463,Thomas,Richard,Ripeur,True,2026-02-15 15:05:03.505510
AGENT_00464,Luc,Robert,Chauffeur,True,2026-02-15 15:05:03.505510
AGENT_00465,Pierre,Bernard,Superviseur,True,2026-02-15 15:05:03.505510
AGENT_00466,Thomas,Bernard,Superviseur,True,2026-02-15 15:05:03.505510
AGENT_00467,Paul,Martin,Superviseur,True,2026-02-15 15:05:03.505510
AGENT_00468,Jean,Bernard,Superviseur,True,2026-02-15 15:05:03.505510
AGENT_00469,Luc,Dubois,Chauffeur,True,2026-02-15 15:05:03.505510
AGENT_00470,Thomas,Petit,Chauffeur,True,2026-02-15 15:05:03.505510
AGENT_00471,Marc,Robert,Ripeur,True,2026-02-15 15:05:03.505510
AGENT_00472,Jean,Dubois,Chauffeur,True,2026-02-15 15:05:03.505510
AGENT_00473,Pierre,Bernard,Superviseur,True,2026-02-15 15:05:03.505510
AGENT_00474,Marc,Richard,Ripeur,True,2026-02-15 15:05:03.505510
AGENT_00475,Luc,Petit,Superviseur,True,2026-02-15 15:05:03.505510
AGENT_00476,Jean,Robert,Superviseur,True,2026-02-15 15:05:03.505510
AGENT_00477,Jean,Dubois,Chauffeur,True,2026-02-15 15:05:03.505510
AGENT_00478,Jean,Dubois,Chauffeur,True,2026-02-15 15:05:03.505510
AGENT_00479,Marc,Martin,Ripeur,True,2026-02-15 15:05:03.505510
AGENT_00480,Jean,Martin,Ripeur,True,2026-02-15 15:05:03.505510
AGENT_00481,Marc,Petit,Superviseur,True,2026-02-15 15:05:03.505510
AGENT_00482,Thomas,Martin,Chauffeur,True,2026-02-15 15:05:03.505510
AGENT_00483,Marc,Petit,Ripeur,True,2026-02-15 15:05:03.505510
AGENT_00484,Pierre,Robert,Superviseur,True,2026-02-15 15:05:03.505510
AGENT_00485,Paul,Dubois,Ripeur,True,2026-02-15 15:05:03.505510
AGENT_00486,Paul,Bernard,Chauffeur,True,2026-02-15 15:05:03.505510
AGENT_00487,Nicolas,Richard,Superviseur,True,2026-02-15 15:05:03.505510
AGENT_00488,Jean,Martin,Chauffeur,True,2026-02-15 15:05:03.505510
AGENT_00489,Marc,Dubois,Ripeur,True,2026-02-15 15:05:03.505510
AGENT_00490,Julien,Petit,Chauffeur,True,2026-02-15 15:05:03.505510
AGENT_00491,Jean,Dubois,Superviseur,True,2026-02-15 15:05:03.505510
AGENT_00492,Thomas,Dubois,Superviseur,True,2026-02-15 15:05:03.505510
AGENT_00493,Marc,Bernard,Superviseur,True,2026-02-15 15:05:03.505510
AGENT_00494,Marc,Martin,Superviseur,True,2026-02-15 15:05:03.505510
AGENT_00495,Marc,Robert,Chauffeur,True,2026-02-15 15:05:03.505510
AGENT_00496,Marc,Bernard,Chauffeur,True,2026-02-15 15:05:03.505510
AGENT_00497,Thomas,Robert,Superviseur,True,2026-02-15 15:05:03.505510
AGENT_00498,Luc,Martin,Superviseur,True,2026-02-15 15:05:03.505510
AGENT_00499,Julien,Richard,Superviseur,True,2026-02-15 15:05:03.505510
AGENT_00500,Pierre,Robert,Chauffeur,True,2026-02-15 15:05:03.505510
AGENT_00501,Luc,Robert,Ripeur,True,2026-02-15 15:05:03.505510
AGENT_00502,Thomas,Robert,Superviseur,True,2026-02-15 15:05:03.505510
AGENT_00503,Luc,Bernard,Superviseur,True,2026-02-15 15:05:03.505510
AGENT_00504,Luc,Richard,Superviseur,True,2026-02-15 15:05:03.505510
AGENT_00505,Pierre,Bernard,Ripeur,True,2026-02-15 15:05:03.505510
AGENT_00506,Luc,Robert,Chauffeur,True,2026-02-15 15:05:03.505510
AGENT_00507,Luc,Dubois,Chauffeur,True,2026-02-15 15:05:03.505510
AGENT_00508,Paul,Bernard,Ripeur,True,2026-02-15 15:05:03.505510
AGENT_00509,Luc,Petit,Chauffeur,True,2026-02-15 15:05:03.505510
AGENT_00510,Thomas,Robert,Ripeur,True,2026-02-15 15:05:03.505510
AGENT_00511,Marc,Robert,Superviseur,True,2026-02-15 15:05:03.505510
AGENT_00512,Marc,Bernard,Chauffeur,True,2026-02-15 15:05:03.505510
AGENT_00513,Paul,Bernard,Chauffeur,True,2026-02-15 15:05:03.505510
AGENT_00514,Jean,Richard,Superviseur,True,2026-02-15 15:05:03.505510
AGENT_00515,Marc,Richard,Superviseur,True,2026-02-15 15:05:03.505510
AGENT_00516,Pierre,Richard,Chauffeur,True,2026-02-15 15:05:03.505510
AGENT_00517,Pierre,Petit,Chauffeur,True,2026-02-15 15:05:03.505510
AGENT_00518,Thomas,Martin,Superviseur,True,2026-02-15 15:05:03.505510
AGENT_00519,Nicolas,Bernard,Superviseur,True,2026-02-15 15:05:03.505510
AGENT_00520,Nicolas,Petit,Superviseur,True,2026-02-15 15:05:03.505510
AGENT_00521,Thomas,Bernard,Ripeur,True,2026-02-15 15:05:03.505510
AGENT_00522,Nicolas,Robert,Chauffeur,True,2026-02-15 15:05:03.505510
AGENT_00523,Luc,Bernard,Chauffeur,True,2026-02-15 15:05:03.505510
AGENT_00524,Jean,Robert,Chauffeur,True,2026-02-15 15:05:03.505510
AGENT_00525,Marc,Robert,Chauffeur,True,2026-02-15 15:05:03.505510
AGENT_00526,Pierre,Bernard,Chauffeur,True,2026-02-15 15:05:03.505510
AGENT_00527,Luc,Robert,Superviseur,True,2026-02-15 15:05:03.505510
AGENT_00528,Nicolas,Petit,Ripeur,True,2026-02-15 15:05:03.505510
AGENT_00529,Nicolas,Bernard,Ripeur,True,2026-02-15 15:05:03.505510
AGENT_00530,Julien,Martin,Superviseur,True,2026-02-15 15:05:03.505510
AGENT_00531,Julien,Petit,Ripeur,True,2026-02-15 15:05:03.505510
AGENT_00532,Julien,Richard,Superviseur,True,2026-02-15 15:05:03.505510
AGENT_00533,Jean,Richard,Chauffeur,True,2026-02-15 15:05:03.505510
AGENT_00534,Nicolas,Robert,Chauffeur,True,2026-02-15 15:05:03.505510
AGENT_00535,Pierre,Richard,Superviseur,True,2026-02-15 15:05:03.505510
AGENT_00536,Julien,Petit,Chauffeur,True,2026-02-15 15:05:03.505510
AGENT_00537,Julien,Richard,Superviseur,True,2026-02-15 15:05:03.505510
AGENT_00538,Jean,Bernard,Ripeur,True,2026-02-15 15:05:03.505510
AGENT_00539,Nicolas,Robert,Ripeur,True,2026-02-15 15:05:03.505510
AGENT_00540,Marc,Robert,Chauffeur,True,2026-02-15 15:05:03.505510
AGENT_00541,Julien,Dubois,Superviseur,True,2026-02-15 15:05:03.505510
AGENT_00542,Jean,Petit,Superviseur,True,2026-02-15 15:05:03.505510
AGENT_00543,Luc,Robert,Superviseur,True,2026-02-15 15:05:03.505510
AGENT_00544,Nicolas,Martin,Superviseur,True,2026-02-15 15:05:03.505510
AGENT_00545,Paul,Bernard,Superviseur,True,2026-02-15 15:05:03.505510
AGENT_00546,Luc,Robert,Ripeur,True,2026-02-15 15:05:03.505510
AGENT_00547,Thomas,Robert,Chauffeur,True,2026-02-15 15:05:03.505510
AGENT_00548,Luc,Robert,Superviseur,True,2026-02-15 15:05:03.505510
AGENT_00549,Pierre,Robert,Chauffeur,True,2026-02-15 15:05:03.505510
AGENT_00550,Marc,Dubois,Superviseur,True,2026-02-15 15:05:03.505510
AGENT_00551,Luc,Petit,Superviseur,True,2026-02-15 15:05:03.505510
AGENT_00552,Paul,Martin,Chauffeur,True,2026-02-15 15:05:03.505510
AGENT_00553,Nicolas,Petit,Ripeur,True,2026-02-15 15:05:03.505510
AGENT_00554,Paul,Richard,Superviseur,True,2026-02-15 15:05:03.505510
AGENT_00555,Julien,Petit,Superviseur,True,2026-02-15 15:05:03.505510
AGENT_00556,Luc,Robert,Superviseur,True,2026-02-15 15:05:03.505510
AGENT_00557,Julien,Martin,Chauffeur,True,2026-02-15 15:05:03.505510
AGENT_00558,Thomas,Richard,Superviseur,True,2026-02-15 15:05:03.505510
AGENT_00559,Luc,Bernard,Chauffeur,True,2026-02-15 15:05:03.505510
AGENT_00560,Luc,Petit,Chauffeur,True,2026-02-15 15:05:03.505510
AGENT_00561,Julien,Dubois,Ripeur,True,2026-02-15 15:05:03.505510
AGENT_00562,Nicolas,Dubois,Superviseur,True,2026-02-15 15:05:03.505510
AGENT_00563,Luc,Martin,Chauffeur,True,2026-02-15 15:05:03.505510
AGENT_00564,Pierre,Martin,Superviseur,True,2026-02-15 15:05:03.505510
AGENT_00565,Marc,Martin,Ripeur,True,2026-02-15 15:05:03.505510
AGENT_00566,Nicolas,Robert,Superviseur,True,2026-02-15 15:05:03.505510
AGENT_00567,Jean,Richard,Ripeur,True,2026-02-15 15:05:03.505510
AGENT_00568,Pierre,Bernard,Superviseur,True,2026-02-15 15:05:03.505510
AGENT_00569,Nicolas,Robert,Ripeur,True,2026-02-15 15:05:03.505510
AGENT_00570,Nicolas,Martin,Superviseur,True,2026-02-15 15:05:03.505510
AGENT_00571,Jean,Bernard,Superviseur,True,2026-02-15 15:05:03.505510
AGENT_00572,Marc,Richard,Superviseur,True,2026-02-15 15:05:03.505510
AGENT_00573,Pierre,Martin,Chauffeur,True,2026-02-15 15:05:03.505510
AGENT_00574,Luc,Martin,Superviseur,True,2026-02-15 15:05:03.505510
AGENT_00575,Thomas,Martin,Chauffeur,True,2026-02-15 15:05:03.505510
AGENT_00576,Jean,Petit,Superviseur,True,2026-02-15 15:05:03.505510
AGENT_00577,Marc,Dubois,Chauffeur,True,2026-02-15 15:05:03.505510
AGENT_00578,Jean,Martin,Ripeur,True,2026-02-15 15:05:03.505510
AGENT_00579,Luc,Bernard,Superviseur,True,2026-02-15 15:05:03.505510
AGENT_00580,Marc,Richard,Superviseur,True,2026-02-15 15:05:03.505510
AGENT_00581,Luc,Robert,Superviseur,True,2026-02-15 15:05:03.505510
AGENT_00582,Thomas,Martin,Chauffeur,True,2026-02-15 15:05:03.505510
AGENT_00583,Marc,Dubois,Ripeur,True,2026-02-15 15:05:03.505510
AGENT_00584,Julien,Martin,Ripeur,True,2026-02-15 15:05:03.505510
AGENT_00585,Paul,Dubois,Ripeur,True,2026-02-15 15:05:03.505510
AGENT_00586,Luc,Martin,Superviseur,True,2026-02-15 15:05:03.505510
AGENT_00587,Marc,Dubois,Superviseur,True,2026-02-15 15:05:03.505510
AGENT_00588,Julien,Richard,Chauffeur,True,2026-02-15 15:05:03.505510
AGENT_00589,Pierre,Richard,Chauffeur,True,2026-02-15 15:05:03.505510
AGENT_00590,Paul,Richard,Superviseur,True,2026-02-15 15:05:03.505510
AGENT_00591,Paul,Robert,Superviseur,True,2026-02-15 15:05:03.505510
AGENT_00592,Marc,Robert,Superviseur,True,2026-02-15 15:05:03.505510
AGENT_00593,Thomas,Dubois,Superviseur,True,2026-02-15 15:05:03.505510
AGENT_00594,Thomas,Bernard,Superviseur,True,2026-02-15 15:05:03.505510
AGENT_00595,Nicolas,Richard,Superviseur,True,2026-02-15 15:05:03.505510
AGENT_00596,Nicolas,Robert,Chauffeur,True,2026-02-15 15:05:03.505510
AGENT_00597,Pierre,Petit,Ripeur,True,2026-02-15 15:05:03.505510
AGENT_00598,Pierre,Martin,Chauffeur,True,2026-02-15 15:05:03.505510
AGENT_00599,Jean,Robert,Superviseur,True,2026-02-15 15:05:03.505510
AGENT_00600,Paul,Petit,Chauffeur,True,2026-02-15 15:05:03.505510
AGENT_00601,Julien,Robert,Chauffeur,True,2026-02-15 15:05:03.505510
AGENT_00602,Thomas,Dubois,Superviseur,True,2026-02-15 15:05:03.505510
AGENT_00603,Pierre,Martin,Superviseur,True,2026-02-15 15:05:03.505510
AGENT_00604,Pierre,Petit,Ripeur,True,2026-02-15 15:05:03.505510
AGENT_00605,Marc,Martin,Ripeur,True,2026-02-15 15:05:03.505510
AGENT_00606,Marc,Richard,Superviseur,True,2026-02-15 15:05:03.505510
AGENT_00607,Thomas,Martin,Chauffeur,True,2026-02-15 15:05:03.505510
AGENT_00608,Thomas,Dubois,Ripeur,True,2026-02-15 15:05:03.505510
AGENT_00609,Jean,Bernard,Chauffeur,True,2026-02-15 15:05:03.505510
AGENT_00610,Thomas,Dubois,Superviseur,True,2026-02-15 15:05:03.505510
AGENT_00611,Nicolas,Robert,Chauffeur,True,2026-02-15 15:05:03.505510
AGENT_00612,Luc,Robert,Chauffeur,True,2026-02-15 15:05:03.505510
AGENT_00613,Nicolas,Richard,Ripeur,True,2026-02-15 15:05:03.505510
AGENT_00614,Nicolas,Robert,Superviseur,True,2026-02-15 15:05:03.505510
AGENT_00615,Jean,Richard,Ripeur,True,2026-02-15 15:05:03.505510
AGENT_00616,Thomas,Richard,Superviseur,True,2026-02-15 15:05:03.505510
AGENT_00617,Jean,Bernard,Superviseur,True,2026-02-15 15:05:03.505510
AGENT_00618,Thomas,Dubois,Chauffeur,True,2026-02-15 15:05:03.505510
AGENT_00619,Luc,Dubois,Chauffeur,True,2026-02-15 15:05:03.505510
AGENT_00620,Thomas,Robert,Superviseur,True,2026-02-15 15:05:03.505510
AGENT_00621,Luc,Richard,Superviseur,True,2026-02-15 15:05:03.505510
AGENT_00622,Julien,Bernard,Superviseur,True,2026-02-15 15:05:03.505510
AGENT_00623,Paul,Dubois,Superviseur,True,2026-02-15 15:05:03.505510
AGENT_00624,Thomas,Petit,Chauffeur,True,2026-02-15 15:05:03.505510
AGENT_00625,Marc,Robert,Chauffeur,True,2026-02-15 15:05:03.505510
AGENT_00626,Nicolas,Bernard,Ripeur,True,2026-02-15 15:05:03.505510
AGENT_00627,Nicolas,Dubois,Chauffeur,True,2026-02-15 15:05:03.505510
AGENT_00628,Marc,Bernard,Chauffeur,True,2026-02-15 15:05:03.505510
AGENT_00629,Thomas,Martin,Chauffeur,True,2026-02-15 15:05:03.505510
AGENT_00630,Paul,Robert,Superviseur,True,2026-02-15 15:05:03.505510
AGENT_00631,Jean,Robert,Superviseur,True,2026-02-15 15:05:03.505510
AGENT_00632,Luc,Bernard,Ripeur,True,2026-02-15 15:05:03.505510
AGENT_00633,Nicolas,Petit,Superviseur,True,2026-02-15 15:05:03.505510
AGENT_00634,Marc,Dubois,Chauffeur,True,2026-02-15 15:05:03.505510
AGENT_00635,Paul,Richard,Superviseur,True,2026-02-15 15:05:03.505510
AGENT_00636,Luc,Bernard,Superviseur,True,2026-02-15 15:05:03.505510
AGENT_00637,Jean,Robert,Ripeur,True,2026-02-15 15:05:03.505510
AGENT_00638,Paul,Martin,Ripeur,True,2026-02-15 15:05:03.505510
AGENT_00639,Jean,Petit,Superviseur,True,2026-02-15 15:05:03.505510
AGENT_00640,Paul,Dubois,Ripeur,True,2026-02-15 15:05:03.505510
AGENT_00641,Jean,Martin,Superviseur,True,2026-02-15 15:05:03.505510
AGENT_00642,Marc,Martin,Superviseur,True,2026-02-15 15:05:03.505510
AGENT_00643,Marc,Petit,Chauffeur,True,2026-02-15 15:05:03.505510
AGENT_00644,Thomas,Bernard,Chauffeur,True,2026-02-15 15:05:03.505510
AGENT_00645,Marc,Dubois,Superviseur,True,2026-02-15 15:05:03.505510
AGENT_00646,Thomas,Robert,Superviseur,True,2026-02-15 15:05:03.505510
AGENT_00647,Paul,Dubois,Chauffeur,True,2026-02-15 15:05:03.505510
AGENT_00648,Luc,Dubois,Chauffeur,True,2026-02-15 15:05:03.505510
AGENT_00649,Jean,Richard,Superviseur,True,2026-02-15 15:05:03.505510
AGENT_00650,Paul,Bernard,Superviseur,True,2026-02-15 15:05:03.505510
AGENT_00651,Thomas,Richard,Ripeur,True,2026-02-15 15:05:03.505510
AGENT_00652,Marc,Bernard,Superviseur,True,2026-02-15 15:05:03.505510
AGENT_00653,Marc,Richard,Chauffeur,True,2026-02-15 15:05:03.505510
AGENT_00654,Luc,Martin,Ripeur,True,2026-02-15 15:05:03.505510
AGENT_00655,Thomas,Richard,Ripeur,True,2026-02-15 15:05:03.505510
AGENT_00656,Jean,Bernard,Chauffeur,True,2026-02-15 15:05:03.505510
AGENT_00657,Nicolas,Petit,Chauffeur,True,2026-02-15 15:05:03.505510
AGENT_00658,Paul,Robert,Chauffeur,True,2026-02-15 15:05:03.505510
AGENT_00659,Paul,Robert,Ripeur,True,2026-02-15 15:05:03.505510
AGENT_00660,Luc,Petit,Superviseur,True,2026-02-15 15:05:03.505510
AGENT_00661,Nicolas,Richard,Ripeur,True,2026-02-15 15:05:03.505510
AGENT_00662,Marc,Dubois,Chauffeur,True,2026-02-15 15:05:03.505510
AGENT_00663,Paul,Robert,Superviseur,True,2026-02-15 15:05:03.505510
AGENT_00664,Luc,Martin,Superviseur,True,2026-02-15 15:05:03.505510
AGENT_00665,Nicolas,Martin,Ripeur,True,2026-02-15 15:05:03.505510
AGENT_00666,Marc,Petit,Superviseur,True,2026-02-15 15:05:03.505510
AGENT_00667,Nicolas,Robert,Chauffeur,True,2026-02-15 15:05:03.505510
AGENT_00668,Pierre,Bernard,Superviseur,True,2026-02-15 15:05:03.505510
AGENT_00669,Marc,Dubois,Ripeur,True,2026-02-15 15:05:03.505510
AGENT_00670,Luc,Petit,Superviseur,True,2026-02-15 15:05:03.505510
AGENT_00671,Thomas,Dubois,Ripeur,True,2026-02-15 15:05:03.505510
AGENT_00672,Nicolas,Martin,Chauffeur,True,2026-02-15 15:05:03.505510
AGENT_00673,Nicolas,Martin,Ripeur,True,2026-02-15 15:05:03.505510
AGENT_00674,Nicolas,Robert,Chauffeur,True,2026-02-15 15:05:03.505510
AGENT_00675,Marc,Dubois,Superviseur,True,2026-02-15 15:05:03.505510
AGENT_00676,Luc,Richard,Chauffeur,True,2026-02-15 15:05:03.505510
AGENT_00677,Julien,Petit,Chauffeur,True,2026-02-15 15:05:03.505510
AGENT_00678,Thomas,Richard,Superviseur,True,2026-02-15 15:05:03.505510
AGENT_00679,Paul,Dubois,Superviseur,True,2026-02-15 15:05:03.505510
AGENT_00680,Nicolas,Robert,Superviseur,True,2026-02-15 15:05:03.505510
AGENT_00681,Julien,Bernard,Superviseur,True,2026-02-15 15:05:03.505510
AGENT_00682,Pierre,Richard,Chauffeur,True,2026-02-15 15:05:03.505510
AGENT_00683,Nicolas,Robert,Chauffeur,True,2026-02-15 15:05:03.505510
AGENT_00684,Thomas,Bernard,Superviseur,True,2026-02-15 15:05:03.505510
AGENT_00685,Julien,Robert,Superviseur,True,2026-02-15 15:05:03.505510
AGENT_00686,Thomas,Richard,Superviseur,True,2026-02-15 15:05:03.505510
AGENT_00687,Pierre,Bernard,Superviseur,True,2026-02-15 15:05:03.505510
AGENT_00688,Paul,Petit,Superviseur,True,2026-02-15 15:05:03.505510
AGENT_00689,Nicolas,Martin,Superviseur,True,2026-02-15 15:05:03.505510
AGENT_00690,Nicolas,Dubois,Superviseur,True,2026-02-15 15:05:03.505510
AGENT_00691,Paul,Robert,Chauffeur,True,2026-02-15 15:05:03.505510
AGENT_00692,Marc,Robert,Chauffeur,True,2026-02-15 15:05:03.505510
AGENT_00693,Paul,Petit,Superviseur,True,2026-02-15 15:05:03.505510
AGENT_00694,Julien,Dubois,Ripeur,True,2026-02-15 15:05:03.505510
AGENT_00695,Jean,Martin,Chauffeur,True,2026-02-15 15:05:03.505510
AGENT_00696,Luc,Richard,Superviseur,True,2026-02-15 15:05:03.505510
AGENT_00697,Jean,Bernard,Superviseur,True,2026-02-15 15:05:03.505510
AGENT_00698,Luc,Robert,Superviseur,True,2026-02-15 15:05:03.505510
AGENT_00699,Marc,Robert,Superviseur,True,2026-02-15 15:05:03.505510
AGENT_00700,Nicolas,Bernard,Chauffeur,True,2026-02-15 15:05:03.505510
AGENT_00701,Thomas,Dubois,Superviseur,True,2026-02-15 15:05:03.505510
AGENT_00702,Marc,Robert,Superviseur,True,2026-02-15 15:05:03.505510
AGENT_00703,Thomas,Martin,Superviseur,True,2026-02-15 15:05:03.505510
AGENT_00704,Jean,Richard,Superviseur,True,2026-02-15 15:05:03.505510
AGENT_00705,Julien,Bernard,Ripeur,True,2026-02-15 15:05:03.505510
AGENT_00706,Jean,Dubois,Superviseur,True,2026-02-15 15:05:03.505510
AGENT_00707,Jean,Martin,Superviseur,True,2026-02-15 15:05:03.505510
AGENT_00708,Thomas,Martin,Ripeur,True,2026-02-15 15:05:03.505510
AGENT_00709,Jean,Bernard,Ripeur,True,2026-02-15 15:05:03.505510
AGENT_00710,Julien,Petit,Ripeur,True,2026-02-15 15:05:03.505510
AGENT_00711,Julien,Robert,Ripeur,True,2026-02-15 15:05:03.505510
AGENT_00712,Julien,Richard,Chauffeur,True,2026-02-15 15:05:03.505510
AGENT_00713,Luc,Robert,Chauffeur,True,2026-02-15 15:05:03.505510
AGENT_00714,Pierre,Richard,Ripeur,True,2026-02-15 15:05:03.505510
AGENT_00715,Thomas,Robert,Chauffeur,True,2026-02-15 15:05:03.505510
AGENT_00716,Marc,Petit,Chauffeur,True,2026-02-15 15:05:03.505510
AGENT_00717,Luc,Martin,Chauffeur,True,2026-02-15 15:05:03.505510
AGENT_00718,Jean,Bernard,Superviseur,True,2026-02-15 15:05:03.505510
AGENT_00719,Nicolas,Petit,Ripeur,True,2026-02-15 15:05:03.505510
AGENT_00720,Luc,Martin,Chauffeur,True,2026-02-15 15:05:03.505510
AGENT_00721,Julien,Robert,Superviseur,True,2026-02-15 15:05:03.505510
AGENT_00722,Julien,Richard,Chauffeur,True,2026-02-15 15:05:03.505510
AGENT_00723,Nicolas,Richard,Ripeur,True,2026-02-15 15:05:03.505510
AGENT_00724,Nicolas,Robert,Ripeur,True,2026-02-15 15:05:03.505510
AGENT_00725,Pierre,Bernard,Ripeur,True,2026-02-15 15:05:03.505510
AGENT_00726,Jean,Richard,Ripeur,True,2026-02-15 15:05:03.505510
AGENT_00727,Pierre,Petit,Superviseur,True,2026-02-15 15:05:03.505510
AGENT_00728,Marc,Robert,Superviseur,True,2026-02-15 15:05:03.505510
AGENT_00729,Thomas,Martin,Chauffeur,True,2026-02-15 15:05:03.505510
AGENT_00730,Nicolas,Petit,Ripeur,True,2026-02-15 15:05:03.505510
AGENT_00731,Paul,Richard,Ripeur,True,2026-02-15 15:05:03.505510
AGENT_00732,Paul,Bernard,Superviseur,True,2026-02-15 15:05:03.505510
AGENT_00733,Marc,Robert,Superviseur,True,2026-02-15 15:05:03.505510
AGENT_00734,Paul,Richard,Superviseur,True,2026-02-15 15:05:03.505510
AGENT_00735,Paul,Bernard,Ripeur,True,2026-02-15 15:05:03.505510
AGENT_00736,Paul,Petit,Superviseur,True,2026-02-15 15:05:03.505510
AGENT_00737,Marc,Richard,Chauffeur,True,2026-02-15 15:05:03.505510
AGENT_00738,Thomas,Richard,Chauffeur,True,2026-02-15 15:05:03.505510
AGENT_00739,Nicolas,Robert,Superviseur,True,2026-02-15 15:05:03.505510
AGENT_00740,Nicolas,Richard,Superviseur,True,2026-02-15 15:05:03.505510
AGENT_00741,Thomas,Robert,Ripeur,True,2026-02-15 15:05:03.505510
AGENT_00742,Marc,Dubois,Chauffeur,True,2026-02-15 15:05:03.505510
AGENT_00743,Jean,Petit,Superviseur,True,2026-02-15 15:05:03.505510
AGENT_00744,Marc,Petit,Superviseur,True,2026-02-15 15:05:03.505510
AGENT_00745,Marc,Martin,Superviseur,True,2026-02-15 15:05:03.505510
AGENT_00746,Nicolas,Richard,Chauffeur,True,2026-02-15 15:05:03.505510
AGENT_00747,Jean,Petit,Ripeur,True,2026-02-15 15:05:03.505510
AGENT_00748,Jean,Dubois,Ripeur,True,2026-02-15 15:05:03.505510
AGENT_00749,Paul,Bernard,Superviseur,True,2026-02-15 15:05:03.505510
AGENT_00750,Paul,Dubois,Ripeur,True,2026-02-15 15:05:03.505510
AGENT_00751,Luc,Richard,Ripeur,True,2026-02-15 15:05:03.505510
AGENT_00752,Marc,Dubois,Chauffeur,True,2026-02-15 15:05:03.505510
AGENT_00753,Paul,Richard,Chauffeur,True,2026-02-15 15:05:03.505510
AGENT_00754,Luc,Petit,Ripeur,True,2026-02-15 15:05:03.505510
AGENT_00755,Thomas,Bernard,Ripeur,True,2026-02-15 15:05:03.505510
AGENT_00756,Pierre,Robert,Chauffeur,True,2026-02-15 15:05:03.505510
AGENT_00757,Jean,Dubois,Chauffeur,True,2026-02-15 15:05:03.505510
AGENT_00758,Luc,Richard,Chauffeur,True,2026-02-15 15:05:03.505510
AGENT_00759,Nicolas,Robert,Ripeur,True,2026-02-15 15:05:03.505510
AGENT_00760,Pierre,Petit,Ripeur,True,2026-02-15 15:05:03.505510
AGENT_00761,Luc,Bernard,Superviseur,True,2026-02-15 15:05:03.505510
AGENT_00762,Thomas,Martin,Superviseur,True,2026-02-15 15:05:03.505510
AGENT_00763,Marc,Martin,Chauffeur,True,2026-02-15 15:05:03.505510
AGENT_00764,Luc,Robert,Ripeur,True,2026-02-15 15:05:03.505510
AGENT_00765,Nicolas,Dubois,Ripeur,True,2026-02-15 15:05:03.505510
AGENT_00766,Pierre,Robert,Superviseur,True,2026-02-15 15:05:03.505510
AGENT_00767,Julien,Robert,Ripeur,True,2026-02-15 15:05:03.505510
AGENT_00768,Luc,Richard,Ripeur,True,2026-02-15 15:05:03.505510
AGENT_00769,Jean,Dubois,Ripeur,True,2026-02-15 15:05:03.505510
AGENT_00770,Julien,Petit,Ripeur,True,2026-02-15 15:05:03.505510
AGENT_00771,Jean,Martin,Superviseur,True,2026-02-15 15:05:03.505510
AGENT_00772,Thomas,Robert,Superviseur,True,2026-02-15 15:05:03.505510
AGENT_00773,Marc,Dubois,Ripeur,True,2026-02-15 15:05:03.505510
AGENT_00774,Marc,Martin,Ripeur,True,2026-02-15 15:05:03.505510
AGENT_00775,Julien,Robert,Superviseur,True,2026-02-15 15:05:03.505510
AGENT_00776,Pierre,Petit,Superviseur,True,2026-02-15 15:05:03.505510
AGENT_00777,Pierre,Richard,Ripeur,True,2026-02-15 15:05:03.505510
AGENT_00778,Luc,Dubois,Superviseur,True,2026-02-15 15:05:03.505510
AGENT_00779,Jean,Petit,Chauffeur,True,2026-02-15 15:05:03.505510
AGENT_00780,Paul,Martin,Ripeur,True,2026-02-15 15:05:03.505510
AGENT_00781,Paul,Richard,Chauffeur,True,2026-02-15 15:05:03.505510
AGENT_00782,Nicolas,Dubois,Chauffeur,True,2026-02-15 15:05:03.505510
AGENT_00783,Marc,Dubois,Chauffeur,True,2026-02-15 15:05:03.505510
AGENT_00784,Jean,Martin,Superviseur,True,2026-02-15 15:05:03.505510
AGENT_00785,Paul,Martin,Superviseur,True,2026-02-15 15:05:03.505510
AGENT_00786,Pierre,Richard,Superviseur,True,2026-02-15 15:05:03.505510
AGENT_00787,Paul,Petit,Chauffeur,True,2026-02-15 15:05:03.505510
AGENT_00788,Paul,Richard,Chauffeur,True,2026-02-15 15:05:03.505510
AGENT_00789,Julien,Petit,Superviseur,True,2026-02-15 15:05:03.505510
AGENT_00790,Luc,Martin,Superviseur,True,2026-02-15 15:05:03.505510
AGENT_00791,Luc,Dubois,Ripeur,True,2026-02-15 15:05:03.505510
AGENT_00792,Nicolas,Petit,Chauffeur,True,2026-02-15 15:05:03.505510
AGENT_00793,Nicolas,Dubois,Ripeur,True,2026-02-15 15:05:03.505510
AGENT_00794,Thomas,Dubois,Chauffeur,True,2026-02-15 15:05:03.505510
AGENT_00795,Paul,Dubois,Chauffeur,True,2026-02-15 15:05:03.505510
AGENT_00796,Julien,Robert,Ripeur,True,2026-02-15 15:05:03.505510
AGENT_00797,Jean,Dubois,Ripeur,True,2026-02-15 15:05:03.505510
AGENT_00798,Luc,Robert,Chauffeur,True,2026-02-15 15:05:03.505510
AGENT_00799,Nicolas,Bernard,Superviseur,True,2026-02-15 15:05:03.505510
AGENT_00800,Julien,Bernard,Superviseur,True,2026-02-15 15:05:03.505510
AGENT_00801,Nicolas,Martin,Chauffeur,True,2026-02-15 15:05:03.505510
AGENT_00802,Julien,Bernard,Superviseur,True,2026-02-15 15:05:03.505510
AGENT_00803,Paul,Robert,Superviseur,True,2026-02-15 15:05:03.505510
AGENT_00804,Marc,Martin,Chauffeur,True,2026-02-15 15:05:03.505510
AGENT_00805,Paul,Martin,Superviseur,True,2026-02-15 15:05:03.505510
AGENT_00806,Marc,Robert,Chauffeur,True,2026-02-15 15:05:03.505510
AGENT_00807,Nicolas,Bernard,Superviseur,True,2026-02-15 15:05:03.505510
AGENT_00808,Jean,Martin,Superviseur,True,2026-02-15 15:05:03.505510
AGENT_00809,Julien,Dubois,Chauffeur,True,2026-02-15 15:05:03.505510
AGENT_00810,Thomas,Robert,Superviseur,True,2026-02-15 15:05:03.505510
AGENT_00811,Jean,Richard,Superviseur,True,2026-02-15 15:05:03.505510
AGENT_00812,Nicolas,Robert,Ripeur,True,2026-02-15 15:05:03.505510
AGENT_00813,Julien,Petit,Chauffeur,True,2026-02-15 15:05:03.505510
AGENT_00814,Pierre,Martin,Ripeur,True,2026-02-15 15:05:03.505510
AGENT_00815,Nicolas,Martin,Superviseur,True,2026-02-15 15:05:03.505510
AGENT_00816,Thomas,Dubois,Superviseur,True,2026-02-15 15:05:03.505510
AGENT_00817,Marc,Robert,Chauffeur,True,2026-02-15 15:05:03.505510
AGENT_00818,Paul,Dubois,Superviseur,True,2026-02-15 15:05:03.505510
AGENT_00819,Thomas,Martin,Ripeur,True,2026-02-15 15:05:03.505510
AGENT_00820,Marc,Petit,Chauffeur,True,2026-02-15 15:05:03.505510
AGENT_00821,Luc,Richard,Chauffeur,True,2026-02-15 15:05:03.505510
AGENT_00822,Julien,Petit,Chauffeur,True,2026-02-15 15:05:03.505510
AGENT_00823,Marc,Petit,Ripeur,True,2026-02-15 15:05:03.505510
AGENT_00824,Paul,Petit,Superviseur,True,2026-02-15 15:05:03.505510
AGENT_00825,Thomas,Robert,Chauffeur,True,2026-02-15 15:05:03.505510
AGENT_00826,Nicolas,Petit,Chauffeur,True,2026-02-15 15:05:03.505510
AGENT_00827,Luc,Martin,Chauffeur,True,2026-02-15 15:05:03.505510
AGENT_00828,Jean,Petit,Superviseur,True,2026-02-15 15:05:03.505510
AGENT_00829,Pierre,Robert,Ripeur,True,2026-02-15 15:05:03.505510
AGENT_00830,Paul,Richard,Superviseur,True,2026-02-15 15:05:03.505510
AGENT_00831,Marc,Robert,Superviseur,True,2026-02-15 15:05:03.505510
AGENT_00832,Nicolas,Martin,Chauffeur,True,2026-02-15 15:05:03.505510
AGENT_00833,Thomas,Martin,Ripeur,True,2026-02-15 15:05:03.505510
AGENT_00834,Jean,Robert,Chauffeur,True,2026-02-15 15:05:03.505510
AGENT_00835,Pierre,Petit,Superviseur,True,2026-02-15 15:05:03.505510
AGENT_00836,Nicolas,Petit,Superviseur,True,2026-02-15 15:05:03.505510
AGENT_00837,Luc,Petit,Superviseur,True,2026-02-15 15:05:03.505510
AGENT_00838,Pierre,Martin,Chauffeur,True,2026-02-15 15:05:03.505510
AGENT_00839,Luc,Robert,Superviseur,True,2026-02-15 15:05:03.505510
AGENT_00840,Jean,Robert,Superviseur,True,2026-02-15 15:05:03.505510
AGENT_00841,Jean,Bernard,Superviseur,True,2026-02-15 15:05:03.505510
AGENT_00842,Luc,Martin,Chauffeur,True,2026-02-15 15:05:03.505510
AGENT_00843,Jean,Dubois,Chauffeur,True,2026-02-15 15:05:03.505510
AGENT_00844,Nicolas,Richard,Chauffeur,True,2026-02-15 15:05:03.505510
AGENT_00845,Paul,Martin,Chauffeur,True,2026-02-15 15:05:03.505510
AGENT_00846,Nicolas,Richard,Superviseur,True,2026-02-15 15:05:03.505510
AGENT_00847,Pierre,Martin,Chauffeur,True,2026-02-15 15:05:03.505510
AGENT_00848,Julien,Dubois,Superviseur,True,2026-02-15 15:05:03.505510
AGENT_00849,Julien,Dubois,Chauffeur,True,2026-02-15 15:05:03.505510
AGENT_00850,Luc,Dubois,Chauffeur,True,2026-02-15 15:05:03.505510
AGENT_00851,Jean,Richard,Chauffeur,True,2026-02-15 15:05:03.505510
AGENT_00852,Thomas,Martin,Chauffeur,True,2026-02-15 15:05:03.505510
AGENT_00853,Marc,Bernard,Ripeur,True,2026-02-15 15:05:03.505510
AGENT_00854,Luc,Petit,Ripeur,True,2026-02-15 15:05:03.505510
AGENT_00855,Luc,Robert,Chauffeur,True,2026-02-15 15:05:03.505510
AGENT_00856,Jean,Bernard,Chauffeur,True,2026-02-15 15:05:03.505510
AGENT_00857,Julien,Bernard,Chauffeur,True,2026-02-15 15:05:03.505510
AGENT_00858,Nicolas,Martin,Chauffeur,True,2026-02-15 15:05:03.505510
AGENT_00859,Jean,Bernard,Chauffeur,True,2026-02-15 15:05:03.505510
AGENT_00860,Marc,Robert,Superviseur,True,2026-02-15 15:05:03.505510
AGENT_00861,Nicolas,Petit,Chauffeur,True,2026-02-15 15:05:03.505510
AGENT_00862,Pierre,Bernard,Superviseur,True,2026-02-15 15:05:03.505510
AGENT_00863,Marc,Richard,Ripeur,True,2026-02-15 15:05:03.505510
AGENT_00864,Julien,Bernard,Chauffeur,True,2026-02-15 15:05:03.505510
AGENT_00865,Jean,Richard,Chauffeur,True,2026-02-15 15:05:03.505510
AGENT_00866,Nicolas,Richard,Chauffeur,True,2026-02-15 15:05:03.505510
AGENT_00867,Marc,Dubois,Ripeur,True,2026-02-15 15:05:03.505510
AGENT_00868,Jean,Richard,Chauffeur,True,2026-02-15 15:05:03.505510
AGENT_00869,Pierre,Martin,Superviseur,True,2026-02-15 15:05:03.505510
AGENT_00870,Paul,Richard,Ripeur,True,2026-02-15 15:05:03.505510
AGENT_00871,Pierre,Robert,Superviseur,True,2026-02-15 15:05:03.505510
AGENT_00872,Pierre,Dubois,Chauffeur,True,2026-02-15 15:05:03.505510
AGENT_00873,Pierre,Martin,Chauffeur,True,2026-02-15 15:05:03.505510
AGENT_00874,Nicolas,Robert,Chauffeur,True,2026-02-15 15:05:03.505510
AGENT_00875,Luc,Petit,Chauffeur,True,2026-02-15 15:05:03.505510
AGENT_00876,Jean,Petit,Ripeur,True,2026-02-15 15:05:03.505510
AGENT_00877,Marc,Bernard,Ripeur,True,2026-02-15 15:05:03.505510
AGENT_00878,Marc,Dubois,Superviseur,True,2026-02-15 15:05:03.505510
AGENT_00879,Nicolas,Martin,Chauffeur,True,2026-02-15 15:05:03.505510
AGENT_00880,Jean,Richard,Chauffeur,True,2026-02-15 15:05:03.505510
AGENT_00881,Luc,Martin,Ripeur,True,2026-02-15 15:05:03.505510
AGENT_00882,Paul,Martin,Chauffeur,True,2026-02-15 15:05:03.505510
AGENT_00883,Nicolas,Richard,Superviseur,True,2026-02-15 15:05:03.505510
AGENT_00884,Thomas,Robert,Chauffeur,True,2026-02-15 15:05:03.505510
AGENT_00885,Thomas,Bernard,Chauffeur,True,2026-02-15 15:05:03.505510
AGENT_00886,Thomas,Bernard,Chauffeur,True,2026-02-15 15:05:03.505510
AGENT_00887,Pierre,Petit,Ripeur,True,2026-02-15 15:05:03.505510
AGENT_00888,Pierre,Robert,Chauffeur,True,2026-02-15 15:05:03.505510
AGENT_00889,Paul,Robert,Superviseur,True,2026-02-15 15:05:03.505510
AGENT_00890,Nicolas,Martin,Ripeur,True,2026-02-15 15:05:03.505510
AGENT_00891,Luc,Bernard,Superviseur,True,2026-02-15 15:05:03.505510
AGENT_00892,Nicolas,Bernard,Ripeur,True,2026-02-15 15:05:03.505510
AGENT_00893,Thomas,Bernard,Ripeur,True,2026-02-15 15:05:03.505510
AGENT_00894,Pierre,Petit,Ripeur,True,2026-02-15 15:05:03.505510
AGENT_00895,Marc,Bernard,Ripeur,True,2026-02-15 15:05:03.505510
AGENT_00896,Luc,Martin,Superviseur,True,2026-02-15 15:05:03.505510
AGENT_00897,Jean,Dubois,Chauffeur,True,2026-02-15 15:05:03.505510
AGENT_00898,Paul,Robert,Ripeur,True,2026-02-15 15:05:03.505510
AGENT_00899,Julien,Bernard,Ripeur,True,2026-02-15 15:05:03.505510
AGENT_00900,Pierre,Dubois,Superviseur,True,2026-02-15 15:05:03.505510
AGENT_00901,Luc,Petit,Superviseur,True,2026-02-15 15:05:03.505510
AGENT_00902,Luc,Richard,Superviseur,True,2026-02-15 15:05:03.505510
AGENT_00903,Pierre,Martin,Ripeur,True,2026-02-15 15:05:03.505510
AGENT_00904,Nicolas,Bernard,Superviseur,True,2026-02-15 15:05:03.505510
AGENT_00905,Nicolas,Robert,Ripeur,True,2026-02-15 15:05:03.505510
AGENT_00906,Jean,Petit,Ripeur,True,2026-02-15 15:05:03.505510
AGENT_00907,Pierre,Bernard,Ripeur,True,2026-02-15 15:05:03.505510
AGENT_00908,Julien,Richard,Chauffeur,True,2026-02-15 15:05:03.505510
AGENT_00909,Luc,Richard,Chauffeur,True,2026-02-15 15:05:03.505510
AGENT_00910,Julien,Martin,Chauffeur,True,2026-02-15 15:05:03.505510
AGENT_00911,Nicolas,Petit,Superviseur,True,2026-02-15 15:05:03.505510
AGENT_00912,Jean,Robert,Superviseur,True,2026-02-15 15:05:03.505510
AGENT_00913,Julien,Robert,Superviseur,True,2026-02-15 15:05:03.505510
AGENT_00914,Paul,Robert,Ripeur,True,2026-02-15 15:05:03.505510
AGENT_00915,Pierre,Martin,Superviseur,True,2026-02-15 15:05:03.505510
AGENT_00916,Jean,Petit,Superviseur,True,2026-02-15 15:05:03.505510
AGENT_00917,Julien,Bernard,Chauffeur,True,2026-02-15 15:05:03.505510
AGENT_00918,Thomas,Dubois,Chauffeur,True,2026-02-15 15:05:03.505510
AGENT_00919,Paul,Martin,Ripeur,True,2026-02-15 15:05:03.505510
AGENT_00920,Marc,Bernard,Superviseur,True,2026-02-15 15:05:03.505510
AGENT_00921,Nicolas,Richard,Superviseur,True,2026-02-15 15:05:03.505510
AGENT_00922,Jean,Robert,Ripeur,True,2026-02-15 15:05:03.505510
AGENT_00923,Luc,Petit,Ripeur,True,2026-02-15 15:05:03.505510
AGENT_00924,Luc,Dubois,Superviseur,True,2026-02-15 15:05:03.505510
AGENT_00925,Nicolas,Petit,Superviseur,True,2026-02-15 15:05:03.505510
AGENT_00926,Jean,Petit,Chauffeur,True,2026-02-15 15:05:03.505510
AGENT_00927,Julien,Petit,Ripeur,True,2026-02-15 15:05:03.505510
AGENT_00928,Jean,Dubois,Ripeur,True,2026-02-15 15:05:03.505510
AGENT_00929,Marc,Petit,Superviseur,True,2026-02-15 15:05:03.505510
AGENT_00930,Pierre,Petit,Chauffeur,True,2026-02-15 15:05:03.505510
AGENT_00931,Thomas,Petit,Chauffeur,True,2026-02-15 15:05:03.505510
AGENT_00932,Thomas,Martin,Chauffeur,True,2026-02-15 15:05:03.505510
AGENT_00933,Julien,Dubois,Ripeur,True,2026-02-15 15:05:03.505510
AGENT_00934,Jean,Dubois,Ripeur,True,2026-02-15 15:05:03.505510
AGENT_00935,Luc,Petit,Superviseur,True,2026-02-15 15:05:03.505510
AGENT_00936,Paul,Richard,Superviseur,True,2026-02-15 15:05:03.505510
AGENT_00937,Pierre,Bernard,Ripeur,True,2026-02-15 15:05:03.505510
AGENT_00938,Pierre,Richard,Chauffeur,True,2026-02-15 15:05:03.505510
AGENT_00939,Nicolas,Petit,Superviseur,True,2026-02-15 15:05:03.505510
AGENT_00940,Pierre,Petit,Chauffeur,True,2026-02-15 15:05:03.505510
AGENT_00941,Thomas,Dubois,Ripeur,True,2026-02-15 15:05:03.505510
AGENT_00942,Julien,Dubois,Chauffeur,True,2026-02-15 15:05:03.505510
AGENT_00943,Paul,Dubois,Ripeur,True,2026-02-15 15:05:03.505510
AGENT_00944,Nicolas,Robert,Superviseur,True,2026-02-15 15:05:03.505510
AGENT_00945,Paul,Robert,Superviseur,True,2026-02-15 15:05:03.505510
AGENT_00946,Marc,Robert,Superviseur,True,2026-02-15 15:05:03.505510
AGENT_00947,Thomas,Petit,Superviseur,True,2026-02-15 15:05:03.505510
AGENT_00948,Paul,Bernard,Ripeur,True,2026-02-15 15:05:03.505510
AGENT_00949,Paul,Martin,Ripeur,True,2026-02-15 15:05:03.505510
AGENT_00950,Luc,Dubois,Chauffeur,True,2026-02-15 15:05:03.505510
AGENT_00951,Paul,Bernard,Ripeur,True,2026-02-15 15:05:03.505510
AGENT_00952,Paul,Petit,Chauffeur,True,2026-02-15 15:05:03.505510
AGENT_00953,Nicolas,Bernard,Chauffeur,True,2026-02-15 15:05:03.505510
AGENT_00954,Jean,Dubois,Ripeur,True,2026-02-15 15:05:03.505510
AGENT_00955,Luc,Robert,Ripeur,True,2026-02-15 15:05:03.505510
AGENT_00956,Julien,Robert,Superviseur,True,2026-02-15 15:05:03.505510
AGENT_00957,Jean,Dubois,Chauffeur,True,2026-02-15 15:05:03.505510
AGENT_00958,Paul,Martin,Chauffeur,True,2026-02-15 15:05:03.505510
AGENT_00959,Thomas,Robert,Superviseur,True,2026-02-15 15:05:03.505510
AGENT_00960,Thomas,Petit,Superviseur,True,2026-02-15 15:05:03.505510
AGENT_00961,Thomas,Robert,Superviseur,True,2026-02-15 15:05:03.505510
AGENT_00962,Nicolas,Robert,Ripeur,True,2026-02-15 15:05:03.505510
AGENT_00963,Luc,Dubois,Chauffeur,True,2026-02-15 15:05:03.505510
AGENT_00964,Marc,Bernard,Ripeur,True,2026-02-15 15:05:03.505510
AGENT_00965,Thomas,Dubois,Chauffeur,True,2026-02-15 15:05:03.505510
AGENT_00966,Luc,Dubois,Ripeur,True,2026-02-15 15:05:03.505510
AGENT_00967,Nicolas,Bernard,Superviseur,True,2026-02-15 15:05:03.505510
AGENT_00968,Luc,Petit,Superviseur,True,2026-02-15 15:05:03.505510
AGENT_00969,Marc,Bernard,Chauffeur,True,2026-02-15 15:05:03.505510
AGENT_00970,Luc,Bernard,Chauffeur,True,2026-02-15 15:05:03.505510
AGENT_00971,Paul,Martin,Ripeur,True,2026-02-15 15:05:03.505510
AGENT_00972,Luc,Robert,Ripeur,True,2026-02-15 15:05:03.505510
AGENT_00973,Thomas,Bernard,Chauffeur,True,2026-02-15 15:05:03.505510
AGENT_00974,Jean,Petit,Ripeur,True,2026-02-15 15:05:03.505510
AGENT_00975,Thomas,Bernard,Ripeur,True,2026-02-15 15:05:03.505510
AGENT_00976,Nicolas,Richard,Chauffeur,True,2026-02-15 15:05:03.505510
AGENT_00977,Marc,Martin,Chauffeur,True,2026-02-15 15:05:03.505510
AGENT_00978,Julien,Robert,Chauffeur,True,2026-02-15 15:05:03.505510
AGENT_00979,Nicolas,Dubois,Chauffeur,True,2026-02-15 15:05:03.505510
AGENT_00980,Jean,Petit,Superviseur,True,2026-02-15 15:05:03.505510
AGENT_00981,Thomas,Petit,Superviseur,True,2026-02-15 15:05:03.505510
AGENT_00982,Marc,Robert,Ripeur,True,2026-02-15 15:05:03.505510
AGENT_00983,Luc,Richard,Superviseur,True,2026-02-15 15:05:03.505510
AGENT_00984,Nicolas,Dubois,Superviseur,True,2026-02-15 15:05:03.505510
AGENT_00985,Paul,Petit,Ripeur,True,2026-02-15 15:05:03.505510
AGENT_00986,Jean,Bernard,Superviseur,True,2026-02-15 15:05:03.505510
AGENT_00987,Paul,Dubois,Chauffeur,True,2026-02-15 15:05:03.505510
AGENT_00988,Julien,Richard,Chauffeur,True,2026-02-15 15:05:03.505510
AGENT_00989,Nicolas,Dubois,Chauffeur,True,2026-02-15 15:05:03.505510
AGENT_00990,Thomas,Martin,Superviseur,True,2026-02-15 15:05:03.505510
AGENT_00991,Pierre,Richard,Superviseur,True,2026-02-15 15:05:03.505510
AGENT_00992,Pierre,Dubois,Chauffeur,True,2026-02-15 15:05:03.505510
AGENT_00993,Jean,Martin,Superviseur,True,2026-02-15 15:05:03.505510
AGENT_00994,Nicolas,Petit,Superviseur,True,2026-02-15 15:05:03.505510
AGENT_00995,Paul,Richard,Ripeur,True,2026-02-15 15:05:03.505510
AGENT_00996,Pierre,Robert,Ripeur,True,2026-02-15 15:05:03.505510
AGENT_00997,Jean,Petit,Ripeur,True,2026-02-15 15:05:03.505510
AGENT_00998,Julien,Bernard,Superviseur,True,2026-02-15 15:05:03.505510
AGENT_00999,Julien,Dubois,Ripeur,True,2026-02-15 15:05:03.505510
AGENT_01000,Thomas,Martin,Ripeur,True,2026-02-15 15:05:03.505510
